Run_Date,Start_Time,Run_Name,Species,Group,Troupe,Block,Day,Block_Type,Data_Folder,Last_fed,No. worms,Voltage (V),Current (A),Trough No.,Worm Runner,PP?,Scored?,BDTL?,usable?,BFFs,BFF TF,Notes,Notes from rewatching.,,,,,,,,
20241122,13:00:00,Pilot_GD_CC_Tr1_2024_11_22_12_56_49,GD,CC,1,,,LO,2024_11_22_12_56_49,,16,12,NA,1,MCS,,,NA,,,,"FAIL. 70ml water in big trough. New 80 mesh trough walls. Puts in small slime crew before for 15min, they kept esaping in to eachothers' wells. Put in big experimental planaria 1 per well. 25 trials with 20s ITI. Escaped. Aborted. Fail.",,,,,,,,,
20241126,9:10,Pilot_GD_LO_Tr1_2024_11_26_09_10_19,GD,CC,1,,,LO,2024_11_26_09_10_19,,6,12,NA,?,MCS,,,NA,,,,"55ml water in big trough. Used long long trough with 80 mesh. When started recording SWAP memory was full. cleared before CC runs. Put BIG WORMS in, started LO exp 2 min after (not enough rest time). Rested for 15m after LO and 2 escaped during this time.",,,,,,,,,
20241126,9:33,Pilot_GD_CC_Tr1_2024_11_26_09_33_45,GD,CC,1,,,CC,2024_11_26_09_33_45,,6,12,NA,?,MCS,,,NA,,,,Pipetted two escapees back into their troughs. Started 25 trial 20ITI CC protocol. Recorded 20m post CC with spinview (09_44_23MJPG-0000.avi). Rested 20m before next CC. 1 escaped during this time.,,,,,,,,,
20241126,10:02,Pilot_GD_CC_Tr1_2024_11_26_10_02_02,GD,CC,1,,,CC,2024_11_26_10_02_02,,6,12,NA,?,MCS,,,NA,,,,25 trial 20ITI CC protocol. Started to crawl up onto the trough walls to avoid the shock. Generally moving slower to my eye. ,,,,,,,,,
20241127,13:44,Pilot_GD_LO_Tr1_2024_11_27_13_44_14_trial_1_LO,GD,CC,1,,,LO,2024_11_27_13_44_14_trial_1_LO,,6,12,NA,?,MCS,,,NA,,,,"First three trials are trash because one worm escaped and I pipetted him into his trough. 25 trails 20ITI LO protocol. Let rest 10m before. Olympic trough used, pre-slimed. ",,,,,,,,,
20241127,14:04,Pilot_GD_LO_Tr1_2024_11_27_14_04_46_trial_1_LO,GD,CC,1,,,LO,2024_11_27_14_04_46_trial_1_LO,,6,12,NA,?,MCS,,,NA,,,,Let rest 10m before. 25 trails 20ITI LO protocol.,,,,,,,,,
20241127,14:24,Pilot_GD_CC_Tr1_2024_11_27_14_24_51_trial_1_CC,GD,CC,1,,,CC,2024_11_27_14_24_51_trial_1_CC,,6,12,NA,?,MCS,,,NA,,,,Let rest 10m before. 25 trails 20ITI CC protocol. They seem pretty darn unhappy. Stayed curled up for many trials and then started doing more circly- movements in the troughs. One was curled up in a corner the whole time. ,,,,,,,,,
20241127,14:45,Pilot_GD_CC_Tr1_2024_11_27_14_45_47_trial_1_CC,GD,CC,1,,,CC,2024_11_27_14_45_47_trial_1_CC,,6,12,NA,?,MCS,,,NA,,,,"Let rest 10m before, had to pipette one back into his well. 25 trails 20ITI CC protocol.",,,,,,,,,
20241202,10:50,Pilot_GD_LO_Tr1_2024_12_02_10_50_13_trial_1_LO,GD,CC,1,,,LO,2024_12_02_10_50_13_trial_1_LO,,6,12,NA,?,MCS,,,NA,,,,"Back in normal long trough, increased height of pedestal so working distance is shorter (may improve SA performance to disambiguate from the mesh). Put slime crew in for 15m before put experimentals in. Did 25 trial 20ITI protocol. One escaped into a neighboring trough around 5:30, then returned to his own trough.",,,,,,,,,
20241202,11:11,Pilot_GD_LO_Tr1_2024_12_02_11_11_09_trial_1_LO,GD,,1,,,LO,2024_12_02_11_11_09_trial_1_LO,,6,12,NA,,MCS,,,,,,,Waited 10 minute break. Had to put 2 back in trough (2 and 4 identity swapped!) bc he escaped.,,,,,,,,,
20241202,11:36,Pilot_GD_LO_Tr1_2024_12_02_11_36_02_trial_1_CC,GD,,1,,,CC,2024_12_02_11_36_02_trial_1_CC,,6,12,NA,,MCS,,,,,,,Waited 10 minute break. Had to put 2 back in trough (2 and 4 identity swapped!) bc he escaped. Did 25 trial 20s ITI.,,,,,,,,,
20241202,11:56,Pilot_GD_LO_Tr1_2024_12_02_11_56_19_trial_1_CC,GD,,1,,,CC,2024_12_02_11_56_19_trial_1_CC,,6,12,NA,,MCS,,,,,,,Waited 10 minute break. ,,,,,,,,,
20241202,16:14,Pilot_GD_CC_Tr2_Day1_Block1_LO,GD,CC,2,1,1,LO,2024_12_02_16_14_19_trial_1_LO,5,6,12,NA,Collegiate-1,ZK,,,NA,,,,Used 50ml water in large trough. One slime crew member was accidentally left in for the first LO trial,,,,,,,,,
20241202,16:36,Pilot_GD_CC_Tr2_Day1_Block2_LO,GD,CC,2,2,1,LO,2024_12_02_16_36_33_trial_1_LO,5,6,12,NA,Collegiate-1,ZK,,,NA,,,,One guy escaped had to be put back. 25 trial 20ITI LO protocol.,,,,,,,,,
20241202,16:57,Pilot_GD_CC_Tr2_Day1_Block3_CC,GD,CC,2,3,1,CC,2024_12_02_16_57_06_trial_1_CC,5,6,10-12,NA,Collegiate-1,ZK,,Y,N,,,,Same guy escaped had to be put back. 25 trial 20ITI LO protocol. ,,,,,,,,,"ZK storing in spdsht ""Maddie-Blind Content"""
20241202,17:17,Pilot_GD_CC_Tr2_Day1_Block4_CC,GD,CC,2,4,1,CC,2024_12_02_17_17_29_trial_1_CC,5,6,12,NA,Collegiate-1,ZK,,Y,N,,,,"Same guy escaped had to be put back. Cranked from 10 to 12V after the first two trials. 25 trials 20ITI protocol. ZK forgot to put planarians back in home petri dish, spent overnight in trough, returned home 9:15 AM with no apparent issues/dessication",,,,,,,,,
20241203,16:29,Pilot_GD_CC_Tr2_Day2_Block1_CC,GD,CC,2,1,2,CC,2024_12_03_16_29_58_trial_1_CC,6,6,12,NA,Collegiate-1,ZK,,Y,N,,,,25trial 20 ITI CC protocol.,,,,,,,,,
20241203,16:50,Pilot_GD_CC_Tr2_Day2_Block2_CC,GD,CC,2,2,2,CC,2024_12_03_16_50_21_trial_1_CC,6,6,12,NA,Collegiate-1,ZK,,Y,Maybe...?,,,,25trial 20 ITI CC protocol. Leftmost worm goes quiescent in corner around min 5 (verify). Did not compel him to move in rest time between blocks 2 and 3.,,,,,,,,,
20241203,17:10,Pilot_GD_CC_Tr2_Day2_Block3_CC,GD,CC,2,3,2,CC,2024_12_03_17_10_54_trial_1_CC,6,6,12,NA,Collegiate-1,ZK,,Y,N,,,,"25trial 20 ITI CC protocol. First worm still quiescent, fourth worm started block quiescent on north mesh. Sixth quiescent by 7 min.",,,,,,,,,
20241204,16:45,Pilot_GD_CC_Tr2_Day3_Block1_CC,GD,CC,2,1,3,CC,2024_12_04_16_45_16_trial_1_CC,7,6,12,NA,Collegiate-1,ZK,,Y,N,,,,"25trial 20 ITI CC protocol. Forgot to save vid in calibration so worms went in and out once while I re-recorded calibration. Sixth worm has lesion near pharynx, either injured or dropping tail?","Sixth worm injured at start which changes his contractions to be more subtle, but they are still distinguishable.",,,,,,,,
20241204,17:06,Pilot_GD_CC_Tr2_Day3_Block2_CC,GD,CC,2,2,3,CC,2024_12_04_17_06_06_trial_1_CC,7,6,12,NA,Collegiate-1,ZK,,Y,Maybe...?,,,,"25trial 20 ITI CC protocol. Let it run for 1 min during Waiting at end, oops.",,,,,,,,,
20241204,17:27,Pilot_GD_CC_Tr2_Day3_Block3_CC,GD,CC,2,3,3,CC,2024_12_04_17_27_02_trial_1_CC,7,6,12,NA,Collegiate-1,ZK,,Y,N,,,,25tri 20ITI CC. One injured is injured near pharynx.,,,,,,,,,
20241205,16:45,Pilot_GD_CC_Tr2_Day4_Block1_CC,GD,CC,2,1,4,CC,2024_12_05_16_45_19_trial_1_CC,8,6,12,NA,Collegiate-1,ZK,,Y,N,,,,"25tri 20 ITI CC. Before first stim one jumped lanes, so I restarted a new run (this run is the new one). Same one escaped during block 1 so in 10 min rest I found him in the corner and returned him to his lane.",,,,,,,,,
20241205,17:06,Pilot_GD_CC_Tr2_Day4_Block2_CC,GD,CC,2,2,4,CC,2024_12_05_17_06_21_trial_1_CC,8,6,12,NA,Collegiate-1,ZK,,Y,N,,,,Same worm escaped in 10 min interim. Most worms seemed quiescent by end.,,,,,,,,,
20241210,16:52,Pilot_GD_CC_TrX1_Day1_Block1_CC,GD,CC,X1,1,1,CC,2024_12_10_16_52_33_trial_1_CC,5,6,12,NA,Collegiate-1,ZK,,,,,,,"25 tri 20 ITI CC. In my braindead haste, I ran the Day2 sequence of CC-CC-CC instead of the Day1 LO-LO-CC-CC. ",,,,,,,,,
20241210,17:13,Pilot_GD_CC_TrX1_Day1_Block2_CC,GD,CC,X1,2,1,CC,2024_12_10_17_13_51_trial_1_CC,5,6,12,NA,Collegiate-1,ZK,,,,,,,25 tri 20 ITI CC. I've named this troupe X1 so to mean that this is the first throwaway/botched troupe,,,,,,,,,
20241210,17:35,Pilot_GD_CC_TrX1_Day1_Block3_CC,GD,CC,X1,3,1,CC,2024_12_10_17_35_01_trial_1_CC,5,6,12,NA,Collegiate-1,ZK,,,,,,,25 tri 20 ITI CC. Note that the runs on this day use titanium electrodes.,,,,,,,,,
20241211,16:06,Pilot_GD_CC_Tr3_Day1_Block1_LO,GD,CC,3,1,1,LO,2024_12_11_16_06_17_trial_1_LO,0,6,12,0.056 A,Collegiate-1,ZK,,,,x,,,"25 tri 20 ITI LO. Major issues with worms leaving -- 1 first block, 4 during post-first acclim. Started using  aluminum electrodes. Did calib out of order (10 min acclim --> calib --> 5 more min acclim).",,,,,,,,,
20241211,16:26,Pilot_GD_CC_Tr3_Day1_Block2_LO,GD,CC,3,2,1,LO,2024_12_11_16_26_50_trial_1_LO,0,6,12,0.056 A,Collegiate-1,ZK,,,,x,,,25 tri 20 ITI LO.,,,,,,,,,
20241211,16:46,Pilot_GD_CC_Tr3_Day1_Block3_CC,GD,CC,3,3,1,CC,2024_12_11_16_46_53_trial_1_CC,0,6,12,0.056 A,Collegiate-1,ZK,,,,x,,,25 tri 20 ITI CC. ,,,,,,,,,
20241211,17:06,Pilot_GD_CC_Tr3_Day1_Block4_CC,GD,CC,3,4,1,CC,2024_12_11_17_06_56_trial_1_CC,0,6,12,0.056 A,Collegiate-1,ZK,,,,x,,,25 tri 20 ITI CC. ,,,,,,,,,
20241211,18:07,Pilot_GD_CC_TrX1_Day2_Block1_CC,GD,CC,X1,1,2,CC,2024_12_11_18_07_48_trial_1_CC,6,6,12,0.056 A,Collegiate-1,ZK,,,,,,,25 tri 20 ITI CC. Used titanium to keep electrode type same within troupe. ,,,,,,,,,
20241211,18:30,Pilot_GD_CC_TrX1_Day2_Block2_CC,GD,CC,X1,2,2,CC,2024_12_11_18_30_07_trial_1_CC,6,6,12,0.056 A,Collegiate-1,,,,,,,,"25 tri 20 ITI CC. Horribly annoying escape behavior. Suspicion for cause is remnant of slime trails on rims of lanes. In future, clean rims too.",,,,,,,,,
20241211,18:51,Pilot_GD_CC_TrX1_Day2_Block3_CC,GD,CC,X1,3,2,CC,2024_12_11_18_51_54_trial_1_CC,6,6,12,0.056 A,Collegiate-1,ZK,,,,,,,25 tri 20 ITI CC. Used titanium to keep electrode type same within troupe. ,,,,,,,,,
20241212,16:05,Pilot_GD_CC_TrX1_Day3_Block1_CC,GD,CC,X1,1,3,CC,2024_12_12_16_05_05_trial_1_CC,7,6,12,0.056 A,Collegiate-1,MCS,,,,,,,25 tri 20 ITI CC. Used titanium to keep electrode type same within troupe. ,,,,,,,,,
20241212,16:26,Pilot_GD_CC_TrX1_Day3_Block2_CC,GD,CC,X1,2,3,CC,2024_12_12_16_26_34_trial_1_CC,7,6,12,0.056 A,Collegiate-1,MCS,,,,,,,25 tri 20 ITI CC. Used titanium to keep electrode type same within troupe. ,,,,,,,,,
20241212,16:49,Pilot_GD_CC_TrX1_Day3_Block3_CC,GD,CC,X1,3,3,CC,2024_12_12_16_49_52_trial_1_CC,7,6,12,0.056 A,Collegiate-1,MCS,,,,,,,25 tri 20 ITI CC. Used titanium to keep electrode type same within troupe. ,,,,,,,,,
20241212,17:43,Pilot_GD_CC_Tr3_Day2_Block1_CC,GD,CC,3,1,2,CC,2024_12_12_17_43_29_trial_1_CC,1,6,12,0.056 A,Collegiate-1,ZK,,,,x,,,25 tri 20 ITI CC.,,,,,,,,,
20241212,18:04,Pilot_GD_CC_Tr3_Day2_Block2_CC,GD,CC,3,2,2,CC,2024_12_12_18_04_42_trial_1_CC,1,6,12,0.056 A,Collegiate-1,ZK,,,,x,,,25 tri 20 ITI CC. Error when postprocessing,,,,,,,,,
20241212,18:25,Pilot_GD_CC_Tr3_Day2_Block3_CC,GD,CC,3,3,2,CC,2024_12_12_18_25_21_trial_1_CC,1,6,12,0.056 A,Collegiate-1,ZK,,Y,N,x,,,25 tri 20 ITI CC.,,,,,,,,,
20241213,16:58,Pilot_GD_CC_TrX1_Day3_Block1_CC,GD,CC,X1,1,3,CC,2024_12_13_16_58_06_trial_1_CC,8,6,12,0.056 A,Collegiate-1,ZK,,,,,,,25 tri 20 ITI CC. Calib file: confirmed. Titanium electrodes.,,,,,,,,,
20241213,17:19,Pilot_GD_CC_TrX1_Day3_Block2_CC,GD,CC,X1,2,3,CC,2024_12_13_17_19_58_trial_1_CC,8,6,12,0.056 A,Collegiate-1,ZK,,,,,,,25 tri 20 ITI CC,,,,,,,,,
20241219,,Pilot_GD_CC_TrX2_Day1_Block1_CC,GD,CC,X2,1,1,CC,2024_12_23_13_06_58_trial_1_CC,?,6,?,?,Collegiate-1,MCS/ZK,,,,,,,"25 tri 20 ITI CC with the incandescent bulbs. Didn't do a calibration because it was a panic ""do they learn at ALL WITH A BULB"" run. Didn't do LO trials. Just CC.",,,,,,,,,
,,Pilot_GD__Tr_Day_Block_,GD,,,,,,2024_12_23_13_20_26_trial_1_CC,?,6,?,?,Collegiate-1,MCS/ZK,,,,,,,,,,,,,,,,
20250103,11:59,Pilot_GD_CC_TrRave_Day1_Block1_CC,GD,CC,Rave,1,1,CC,2025_01_03_11_59_10_trial_1_CC,[from GD-1],30,12,0.108,Collegiate-1,MCS/ZK,,,,,,,"25 tri 20 ITI CC, incan., alum.",,,,,,,,,
20250103,12:25,Pilot_GD_CC_TrRave_Day1_Block2_CC,GD,CC,Rave,2,1,CC,2025_01_03_12_25_18_trial_1_CC,[from GD-1],30,12,0.108,Collegiate-1,MCS/ZK,,,,,,,"25 tri 20 ITI CC, incan., alum.",,,,,,,,,
20250103,12:45,Pilot_GD_CC_TrRave_Day1_Block3_CC,GD,CC,Rave,3,1,CC,2025_01_03_12_45_01_trial_1_CC,[from GD-1],30,12,0.108,Collegiate-1,MCS/ZK,,,,,,,"25 tri 20 ITI CC, incan., alum.",,,,,,,,,
20250103,13:02,Pilot_GD_CC_TrRave_Day1_Block4_CC,GD,CC,Rave,4,1,CC,2025_01_03_13_02_10_trial_1_CC,[from GD-1],30,12,0.108,Collegiate-1,MCS/ZK,,,,,,,"25 tri 20 ITI CC, incan., alum.",,,,,,,,,
20250103,13:22,Pilot_GD_CC_TrRave_Day1_Block5_CC,GD,CC,Rave,5,1,CC,2025_01_03_13_22_22_trial_1_CC,[from GD-1],30,12,0.108,Collegiate-1,MCS/ZK,,,,,,,"25 tri 20 ITI CC, incan., alum.",,,,,,,,,
20250103,13:49,Pilot_GD_CC_TrRave_Day1_Block6_CC,GD,CC,Rave,6,1,CC,2025_01_03_13_49_18_trial_1_CC,[from GD-1],30,12,0.108,Collegiate-1,MCS/ZK,,,,,,,"25 tri 20 ITI CC, incan., alum. ~15 min break before, to allow de-quiescing. ",,,,,,,,,
,,,,,,,,,,,,,,,,,,,,,,,,,,,,,,,
20250114,14:59,SoundPilot_SM_VO_Tr1_Day1_Block1_VO,SM,VO,1,1,1,VO,2025_01_14_14_59_05_trial_1_LO,?,6,4.8V amp,?,Collegiate-1,MCS,,,,,,,"15 tri 20 ITI LO, 4.87V on 8Ohm 5Watt speaker taped to the exterior trough. Accidentally had them in during initialization Buzz. Waited 10 minutes before the next session which was a CC.",,,,,,,,,
20250114,15:15,SoundPilot_SM_CC_Tr1_Day1_Block1_CC,SM,CC,1,1,1,CC,,?,6,4.8V amp /12V shock,?,Collegiate-1,MCS,,,,,,,"20 tri 20 ITI CC, 4.87V on 8Ohm 5Watt speaker taped to the exterior trough, 12V on the shock. Accidentally, again, had them in during Makie initiation buzz, (remove!!). Let sit 10 minutes before next round of CC.",,,,,,,,,
20250114,,SoundPilot_SM_CC_Tr1_Day1_Block2_CC,SM,CC,1,2,1,CC,,?,6,4.8V amp /12V shock,?,Collegiate-1,MCS,,,,,,,"20 tri 20 ITI CC, 4.87V on 8Ohm 5Watt speaker taped to the exterior trough, 12V on the shock. Accidentally, again, had them in during Makie initiation buzz, (remove!!).",,,,,,,,,
20250114,,SoundPilot_DT_VO_Tr1_Day1_Block1_VO,DT,VO,1,1,1,VO,,,,,,,,,,,,,,,,,,,,,,,
20250114,,SoundPilot_DT_CC_Tr1_Day1_Block1_CC,DT,CC,1,1,1,CC,,,,,,,,,,,,,,,,,,,,,,,
20250114,,SoundPilot_DT_CC_Tr1_Day1_Block2_CC,DT,CC,1,2,1,CC,,,,,,,,,,,,,,,,,,,,,,,
20250115,,SoundPilot_GD_VO_Tr1_Day1_Block1_VO,GD,VO,1,1,1,VO,,,,,,,,,,,,,,,,,,,,,,,
,,,,,,,,,,,,,,,,,,,,,,,,,,,,,,,
20250117,,SoundPilot_GD_LO_TrRave #2 (Tortured)_Day1_Block1_LO,GD,LO,Rave #2 (Tortured),1,1,LO,2025_01_17_15_43_57_trial_1_LO,[from GD-1],~18,12,0.108,Petri dish with electrodes,MCS,,,Light reaction,,,,,,,,,,,,,
20250117,,SoundPilot_GD_LO_TrRave #2 (Tortured)_Day1_Block2_LO,GD,LO,Rave #2 (Tortured),2,1,LO,2025_01_17_16_27_07_trial_1_LO,[from GD-1],~18,12,0.108,Petri dish with electrodes,MCS,,,No LR,,,,,,,,,,,,,
20250117,,SoundPilot_GD_LO_TrRave #2 (Tortured)_Day1_Block3_LO,GD,LO,Rave #2 (Tortured),3,1,LO,2025_01_17_16_54_54_trial_1_LO,[from GD-1],~18,12,0.108,Petri dish with electrodes,MCS,,,No LR,,,,,,,,,,,,,
20250117,,SoundPilot_GD_CC_TrRave #2 (Tortured)_Day1_Block4_CC,GD,CC,Rave #2 (Tortured),4,1,CC,2025_01_17_17_09_16_trial_1_CC,[from GD-1],~18,12,0.108,Petri dish with electrodes,MCS,,,No ,,,,,,,,,,,,,
20250117,,SoundPilot_GD_CC_TrRave #2 (Tortured)_Day1_Block5_CC,GD,CC,Rave #2 (Tortured),5,1,CC,2025_01_17_17_29_02_trial_1_CC,[from GD-1],~18,12,0.108,Petri dish with electrodes,MCS,,,Maybe...?,,,,,,,,,,,,,
...,...,SoundPilot_..._..._Tr..._Day..._Block..._...,...,...,...,...,...,...,...,...,...,...,...,...,...,,...,...,,,,...,,,,,,,,,
20250123,15:14,SoundPilot_GD_CC_TrRave #2 (Tortured)_Day1_Block1_VO,GD,CC,Rave #2 (Tortured),1,1,VO,2025_01_23_15_14_15_trial_1_LO,,,,,Petri dish with electrodes,ZK,,,,,,,,,,,,,,,,
20250123,15:34,SoundPilot_GD_CC_TrRave #2 (Tortured)_Day1_Block1_VO,GD,CC,Rave #2 (Tortured),1,1,VO,2025_01_23_15_34_24_trial_1_LO,,,,,Petri dish with electrodes,ZK,,,,,,,,,,,,,,,,
20250123,15:54,SoundPilot_GD_CC_TrRave #2 (Tortured)_Day1_Block3_CC,GD,CC,Rave #2 (Tortured),3,1,CC,2025_01_23_15_54_36_trial_1_CC,,,,,Petri dish with electrodes,ZK,,,,,,,,,,,,,,,,
20250123,16:14,SoundPilot_GD_CC_TrRave #2 (Tortured)_Day1_Block4_CC,GD,CC,Rave #2 (Tortured),4,1,CC,2025_01_23_16_14_02_trial_1_CC,,,,,Petri dish with electrodes,ZK,,,,,,,,,,,,,,,,
,,,,,,,,,,,,,,,,,,,,,,,,,,,,,,,
20250124,12:08,SoundPilot_GD_VO_TrVib_Tr_2_Day1_Block1_VO,GD,VO,Vib_Tr_2,1,1,VO,2025_01_24_12_08_10_trial_1_LO,[from GD-1],15,2.56V vib / 11.9 shock,-,Petri dish with electrodes,MCS,,,,,,,,These are the Vib Tr2 in red petri dish,,,,,,,,
20250124,12:29,SoundPilot_GD_VO_TrVib_Tr_2_Day1_Block2_VO,GD,VO,Vib_Tr_2,2,1,VO,2025_01_24_12_29_29_trial_1_LO,[from GD-1],15,2.56V vib / 11.9 shock,-,Petri dish with electrodes,MCS,,,,,,,,,,,,,,,,
20250124,12:47,SoundPilot_GD_VO_TrVib_Tr_2_Day1_Block3_LO,GD,VO,Vib_Tr_2,3,1,LO,2025_01_24_12_47_29_trial_1_LO,1,12,,,,,X,,,,,,20 sec ITI,,,,,,,,,
20250124,13:12,SoundPilot_GD_VO_TrVib_Tr_2_Day1_Block4_LO,GD,VO,Vib_Tr_2,4,1,LO,2025_01_24_13_12_34_trial_1_LO,1,12,,,,,X,,,,,,20 sec ITI,,,,,,,,,
20250124,13:56,SoundPilot_GD_CC_TrNot_So_Traumatized_Day3_Block1_CC,GD,CC,Not_So_Traumatized,1,3,CC,2025_01_24_13_56_02_trial_1_CC,,14?,11.8,,Petri dish with electrodes,ZK,X,,,,,,"20 sec ITI, 3 sec ISI",,,,,,,,,
20250124,14:15,SoundPilot_GD_CC_TrNot_So_Traumatized_Day3_Block2_CC,GD,CC,Not_So_Traumatized,2,3,CC,2025_01_24_14_15_44_trial_1_CC,,,11.8,,Petri dish with electrodes,ZK,X,,,,,,"20 sec ITI, 3 sec ISI",,,,,,,,,
20250124,15:43,SoundPilot_GD_VO_TrVib_Tr_2_Day1_Block5_CC,GD,VO,Vib_Tr_2,5,1,CC,2025_01_24_15_43_30_trial_1_CC,1,12,11.95,,Milled,ZK,wip,,,,,,"40 sec ITI, 3 sec ISI. PP needs rework for 40 ITI",,,,,,,,,
20250124,16:16,SoundPilot_GD_VO_TrVib_Tr_2_Day1_Block6_CC,GD,VO,Vib_Tr_2,6,1,CC,2025_01_24_16_16_05_trial_1_CC,1,12,11.95,,Milled,ZK,wip,,,,,,"40 sec ITI, 3 sec ISI. PP needs rework fro 40 ITI",,,,,,,,,
,,,,,,,,,,,,,,,,,,,,,,,,,,,,,,,
20250130,,Pilot_GD_LO_TrPhenoTest_1_Day1_Block1_LO,GD,LO,PhenoTest_1,1,1,LO,2025_01_30_16_22_07_trial_1_LO,TBD; source GD-1,6,NA,NA,Milled + electrodes,MCS,,,,,,,"Calibrated with 55 on the big pipette in each well using 5s ITI LO paradigm. 60 sec ITI, 3 sec ISI. 25 trials. 1 worm taken from each well in the 6-well stock plate. Put in 1-X holding zone wells after assay. ",,,,,,,,,
20250131,14:57,Pilot_GD_LO_TrPhenoTest_2_Day1_Block1_LO,GD,LO,PhenoTest_2,1,1,LO,2025_01_31_14_57_10_trial_1_LO,TBD; source GD-1,6,NA,NA,Milled + electrodes,ZK,"X,N",,,,,,20 tri 60 ITI. Slimed with 4 worms per lane for 30 mins. Worm #2 was MIA presumed dead upon extraction. Removed to Holding Wells 1-1 thru 1-6.,,,,,,,,,
20250131,17:10,Pilot_GD_LO_TrPhenoTest_3_Day1_Block1_LO,GD,LO,PhenoTest_3,1,1,LO,2025_01_31_17_10_05_trial_1_LO,TBD; source GD-1,6,NA,NA,Milled + electrodes,ZK,"X,N",,,,,,"20 tri 60 ITI. Slimed with 4 worms per lane for 44 mins. Removed to Holding Wells 2-1 thru 2-6. Lane 6 contains 2 worms (my bad), I think they're distinguishable by size. ",,,,,,,,,
20250203,10:30,Pilot_GD_LO_TrPhenoTest_4_Day1_Block1_LO,GD,LO,PhenoTest_4,1,1,LO,2025_02_03_10_30_35_trial_1_LO,TBD; source GD-1,6,NA,NA,Milled + electrodes,MCS,,,,,,,"20 tri 60 ITI. Slimed with entire slime crew (4+ per lane) for 30 minutes before. Removed to Holding Wells 3-1 thru 3-6. (phenotest4,5,6 share 4's calibration file)",,,,,,,,,
20250203,11:34,Pilot_GD_LO_TrPhenoTest_5_Day1_Block1_LO,GD,LO,PhenoTest_5,1,1,LO,2025_02_03_11_34_02_trial_1_LO,TBD; source GD-1,6,NA,NA,Milled + electrodes,MCS,,,,,,,20 tri 60 ITI. Put in immediately after previous phenotest batch. Removed to Holding Wells 4-1 thru 4-6.,,,,,,,,,
20250203,12:10,Pilot_GD_LO_TrPhenoTest_6_Day1_Block1_LO,GD,LO,PhenoTest_6,1,1,LO,2025_02_03_12_10_50_trial_1_LO,TBD; source GD-1,6,NA,NA,Milled + electrodes,MCS,,,,,,,20 tri 60 ITI. Put in immediately after previous phenotest batch. Removed to Holding Wells 5-1 thru 5-6.,,,,,,,,,
20250203,15:12,Pilot_GD_LO_TrPhenoTest_1_Day2_Block1_LO,GD,LO,PhenoTest_1,1,2,LO,2025_02_03_15_12_40_trial_1_LO,TBD; source GD-1,6,NA,NA,Milled + electrodes,ZK,"X,N",,,,,,20 tri 60 ITI. Put in immediately after previous phenotest batch. Removed to Holding Wells 1-1 thru 1-6.,,,,,,,,,
20250203,15:58,Pilot_GD_LO_TrPhenoTest_2_Day2_Block1_LO,GD,LO,PhenoTest_2,1,2,LO,2025_02_03_15_58_35_trial_1_LO,TBD; source GD-1,6,NA,NA,Milled + electrodes,ZK,"X,N",,,,,,20 tri 60 ITI. Put in immediately after previous phenotest batch. Removed to Holding Wells 2-1 thru 2-6. No Worm#2 because I killed it last week.,,,,,,,,,
20250203,16:45,Pilot_GD_LO_TrPhenoTest_3_Day2_Block1_LO,GD,LO,PhenoTest_3,1,2,LO,2025_02_03_16_45_21_trial_1_LO,TBD; source GD-1,6,NA,NA,Milled + electrodes,ZK,"X,N",,,,,,20 tri 60 ITI. Put in immediately after previous phenotest batch. Removed to Holding Wells 3-1 thru 3-6. Worm #3 was placed in lane but seems to have disappeared.,,,,,,,,,
20250204,9:38,Pilot_GD_LO_TrPhenoTest_5_Day2_Block1_LO,GD,LO,PhenoTest_5,1,2,LO,2025_02_04_09_38_33_trial_1_LO,TBD; source GD-1,6,NA,NA,Milled + electrodes,MCS,"X,N",,,,,,20 tri 60 ITI. Cleaned trough and slimed for 30 minutes beforehand.,,,,,,,,,
20250204,12:38,Pilot_GD_LO_TrPhenoTest_6_Day2_Block1_LO,GD,LO,PhenoTest_6,1,2,LO,2025_02_04_12_38_33_trial_1_LO,TBD; source GD-1,6,NA,NA,Milled + electrodes,MCS,,,,,,,20 tri 60 ITI. Cleaned trough and slimed for 30 minutes beforehand.,,,,,,,,,
20250204,,Pilot_GD_LO_TrPhenoTest_4_Day2_Block1_LO,GD,LO,PhenoTest_4,1,2,LO,2025_02_04_13_55_54_trial_1_LO,TBD; source GD-1,6,NA,NA,Milled + electrodes,MCS,,,,,,,20 tri 60 ITI. Cleaned trough and slimed for 30 minutes beforehand.,,,,,,,,,
20250204,15:05,Pilot_GD_CC_TrGD_triangle_Day2_Block1_CC,GD,CC,GD_triangle,1,2,CC,2025_02_04_15_05_54_trial_1_CC,TBD; source GD-1,~14,10,,Petri + electrodes,MCS,,,,,,,"25 tri 20 ITI. Cleaned petri, put troupe right in using their own water. Left for 5 min. Appeared very calm swimming through middle and not perturbed.",,,,,,,,,
20250204,15:25,Pilot_GD_CC_TrGD_triangle_Day2_Block2_CC,GD,CC,GD_triangle,2,2,CC,2025_02_04_15_25_41_trial_1_CC,TBD; source GD-1,~14,10,,Petri + electrodes,MCS,,,,,,,25 tri 20 ITI. Waited 10 min before this session,,,,,,,,,
20250204,15:50,Pilot_GD-C_PC_TrCarolina_PC_Day1_Block1_PC,GD-C,PC,Carolina_PC,1,1,PC,2025_02_04_15_50_02_trial_1_PC,TBD; source GD-1,~18,10,,Petri + electrodes,MCS,,,,,,,25 tri 10 ITI. PC sequence. Somehow got truncated.,,,,,,,,,
20250204,15:57,Pilot_GD-C_PC_TrCarolina_PC_Day1_Block2_PC,GD-C,PC,Carolina_PC,2,1,PC,2025_02_04_15_57_58_trial_1_PC,TBD; source GD-1,~18,10,,Petri + electrodes,MCS,,,,,,,25 tri 10 ITI. PC sequence. Started pretty immediatly after other one. ,,,,,,,,,
20250204,16:18,Pilot_GD-C_CC_TrCarolina_CC_Day1_Block1_CC,GD-C,CC,Carolina_CC,1,1,CC,2025_02_04_16_18_18_trial_1_CC,TBD; source GD-1,~12,10,,Petri + electrodes,MCS,,,,,,,"25 tri 20 ITI. Put in new troupe right after. Took out all water, put in CC Carolinas with their own water. Let sit 5 min.",,,,,,,,,
20250205,10:37,Pilot_GD_LO_TrPhenoTest_7_Day1_Block1_LO,GD,LO,PhenoTest_7,1,1,LO,2025_02_05_10_37_51_trial_1_LO,TBD; source GD-1,6,NA,NA,Milled + electrodes,MCS,,,,,,,20 tri 60 ITI. Cleaned trough and slimed for 30 minutes beforehand.,,,,,,,,,
20250205,11:52,Pilot_GD_LO_TrPhenoTest_8_Day1_Block1_LO,GD,LO,PhenoTest_8,1,1,LO,2025_02_05_11_52_28_trial_1_LO,TBD; source GD-1,6,NA,NA,Milled + electrodes,MCS,,,,,,,20 tri 60 ITI. Cleaned trough and slimed for 30 minutes beforehand.,,,,,,,,,
20250205,14:24,Pilot_GD_LO_TrPhenoTest_9_Day1_Block1_LO,GD,LO,PhenoTest_9,1,1,LO,2025_02_05_14_24_50_trial_1_LO,TBD; source GD-1,6,NA,NA,Milled + electrodes,MCS,,,,,,,20 tri 60 ITI. Cleaned trough and slimed for 30 minutes beforehand.,,,,,,,,,
20250206,9:50,Pilot_GD_CC_TrR1_Day1_Block1_LO,GD,CC,R1,1,1,LO,2025_02_06_09_50_08_trial_1_LO,TBD; source GD-1,,NA,,Milled + electrodes,MCS,,,,,,,"Each round consisted of 30 minutes slime crew, calibration, 15 minute acclimation, LO, 10m break, LO, 10m break, CC (or PC), 10m break, CC (or PC), end. Repeat.",,,,,,,,,
20250206,10:10,Pilot_GD_CC_TrR1_Day1_Block2_LO,GD,CC,R1,2,1,LO,2025_02_06_10_10_12_trial_1_LO,TBD; source GD-1,,NA,,Milled + electrodes,MCS,,,,x,,,,,,,,,,,,
20250206,10:31,Pilot_GD_CC_TrR1_Day1_Block3_CC,GD,CC,R1,3,1,CC,2025_02_06_10_31_37_trial_1_CC,TBD; source GD-1,,10,,Milled + electrodes,MCS,,,,x,,,,,,,,,,,,
20250206,10:51,Pilot_GD_CC_TrR1_Day1_Block4_CC,GD,CC,R1,4,1,CC,2025_02_06_10_51_47_trial_1_CC,TBD; source GD-1,,10,,Milled + electrodes,MCS,,,,x,,,,,,,,,,,,
20250206,12:02,Pilot_GD_PC_TrR2_Day1_Block1_LO,GD,PC,R2,1,1,LO,2025_02_06_12_02_28_trial_1_LO,TBD; source GD-1,,NA,,Milled + electrodes,MCS,,ZK to score,,x,,,,,,,,,,,,
20250206,12:22,Pilot_GD_PC_TrR2_Day1_Block2_LO,GD,PC,R2,2,1,LO,2025_02_06_12_22_35_trial_1_LO,TBD; source GD-1,,NA,,Milled + electrodes,MCS,,ZK to score,,x,,,,,,,,,,,,
20250206,12:42,Pilot_GD_PC_TrR2_Day1_Block3_PC,GD,PC,R2,3,1,PC,2025_02_06_12_42_27_trial_1_PC,TBD; source GD-1,,10,,Milled + electrodes,MCS,,ZK to score,,x,,,,,,,,,,,,
20250206,13:01,Pilot_GD_PC_TrR2_Day1_Block4_PC,GD,PC,R2,4,1,PC,2025_02_06_13_01_53_trial_1_PC,TBD; source GD-1,,10,,Milled + electrodes,MCS,,ZK to score,,x,,,,,,,,,,,,
20250206,14:05,Pilot_GD_CC_TrR3_Day1_Block1_LO,GD,CC,R3,1,1,LO,2025_02_06_14_05_11_trial_1_LO,TBD; source GD-1,,NA,,Milled + electrodes,MCS,,,,x,,,,,,,,,,,,
20250206,14:29,Pilot_GD_CC_TrR3_Day1_Block2_LO,GD,CC,R3,2,1,LO,2025_02_06_14_29_30_trial_1_LO,TBD; source GD-1,,NA,,Milled + electrodes,MCS,,,,x,,,,,,,,,,,,
20250206,14:50,Pilot_GD_CC_TrR3_Day1_Block3_CC,GD,CC,R3,3,1,CC,2025_02_06_14_50_42_trial_1_CC,TBD; source GD-1,,10,,Milled + electrodes,MCS,,,,x,,,,,,,,,,,,
20250206,15:10,Pilot_GD_CC_TrR3_Day1_Block4_CC,GD,CC,R3,4,1,CC,2025_02_06_15_10_13_trial_1_CC,TBD; source GD-1,,10,,Milled + electrodes,MCS,,,,x,,,,,,,,,,,,
20250206,16:12,Pilot_GD_PC_TrR4_Day1_Block1_LO,GD,PC,R4,1,1,LO,2025_02_06_16_12_21_trial_1_LO,TBD; source GD-1,,,,Milled + electrodes,MCS,,ZK to score,,x,,,,,,,,,,,,
20250206,16:31,Pilot_GD_PC_TrR4_Day1_Block2_LO,GD,PC,R4,2,1,LO,2025_02_06_16_31_42_trial_1_LO,TBD; source GD-1,,,,Milled + electrodes,MCS,,ZK to score,,x,,,,,,,,,,,,
20250206,16:50,Pilot_GD_PC_TrR4_Day1_Block3_PC,GD,PC,R4,3,1,PC,2025_02_06_16_50_44_trial_1_PC,TBD; source GD-1,,10,,Milled + electrodes,MCS,,ZK to score,,x,,,,,,,,,,,,
20250206,17:08,Pilot_GD_PC_TrR4_Day1_Block4_PC,GD,PC,R4,4,1,PC,2025_02_06_17_08_51_trial_1_PC,TBD; source GD-1,,10,,Milled + electrodes,MCS,,ZK to score,,x,,,,,,,,,,,,
20250207,8:21,Pilot_GD_CC_TrR1_Day2_Block1_CC,GD,CC,R1,1,2,CC,2025_02_07_08_21_35_trial_1_CC,TBD; source GD-1,,10,,Milled + electrodes,MCS,,,,x,,,"Each round consisted of 30 minutes slime crew, calibration, 15 minute acclimation, LO, 10m break, LO, 10m break, CC (or PC), 10m break, CC (or PC), end. Repeat.",,,,,,,,,
20250207,8:40,Pilot_GD_CC_TrR1_Day2_Block2_CC,GD,CC,R1,2,2,CC,2025_02_07_08_40_53_trial_1_CC,TBD; source GD-1,,10,,Milled + electrodes,MCS,,,,x,,,,,,,,,,,,
20250207,,Pilot_GD_CC_TrR1_Day2_Block3_CC,GD,CC,R1,3,2,CC,2025_02_07_09_01_04_trial_1_CC,TBD; source GD-1,,10,,Milled + electrodes,MCS,,,,x,,,,,,,,,,,,
20250207,,Pilot_GD_PC_TrR2_Day2_Block1_PC,GD,PC,R2,1,2,PC,2025_02_07_10_11_16_trial_1_PC,TBD; source GD-1,,10,,Milled + electrodes,MCS,,ZK to score,,x,,,"5-3 disappeared, and 7-6 not in well",,,,,,,,,
20250207,,Pilot_GD_PC_TrR2_Day2_Block2_PC,GD,PC,R2,2,2,PC,2025_02_07_10_32_33_trial_1_PC,TBD; source GD-1,,10,,Milled + electrodes,MCS,,ZK to score,,x,,,,,,,,,,,,
20250207,,Pilot_GD_PC_TrR2_Day2_Block3_PC,GD,PC,R2,3,2,PC,2025_02_07_10_53_45_trial_1_PC,TBD; source GD-1,,10,,Milled + electrodes,MCS,,ZK to score,,x,,,,,,,,,,,,
20250207,,Pilot_GD_CC_TrR3_Day2_Block1_CC,GD,CC,R3,1,2,CC,2025_02_07_12_02_32_trial_1_CC,TBD; source GD-1,,10,,Milled + electrodes,MCS,,,,x,,,,,,,,,,,,
20250207,,Pilot_GD_CC_TrR3_Day2_Block2_CC,GD,CC,R3,2,2,CC,2025_02_07_12_24_09_trial_1_CC,TBD; source GD-1,,10,,Milled + electrodes,MCS,,,,x,,,,,,,,,,,,
20250207,,Pilot_GD_CC_TrR3_Day2_Block3_CC,GD,CC,R3,3,2,CC,2025_02_07_12_45_21_trial_1_CC,TBD; source GD-1,,10,,Milled + electrodes,MCS,,,,x,,,,,,,,,,,,
20250207,,Pilot_GD_PC_TrR4_Day2_Block1_PC,GD,PC,R4,1,2,PC,2025_02_07_14_00_59_trial_1_PC,TBD; source GD-1,,10,,Milled + electrodes,MCS,,ZK to score,,x,,,,,,,,,,,,
20250207,,Pilot_GD_PC_TrR4_Day2_Block2_PC,GD,PC,R4,2,2,PC,2025_02_07_14_21_03_trial_1_PC,TBD; source GD-1,,10,,Milled + electrodes,MCS,,ZK to score,,x,,,,,,,,,,,,
20250207,,Pilot_GD_PC_TrR4_Day2_Block3_PC,GD,PC,R4,3,2,PC,2025_02_07_14_41_05_trial_1_PC,TBD; source GD-1,,10,,Milled + electrodes,MCS,,ZK to score,,x,,,,,,,,,,,,
20250210,,Pilot_GD_CC_TrR5_Day1_Block1_LO,GD,CC,R5,1,1,LO,2025_02_10_08_52_38_trial_1_LO,TBD; source GD-1,,10,,Milled + electrodes,,,,,x,,,,,,,,,,,,
20250210,,Pilot_GD_CC_TrR5_Day1_Block2_LO,GD,CC,R5,2,1,LO,2025_02_10_09_12_14_trial_1_LO,TBD; source GD-1,,10,,Milled + electrodes,,,,,x,,,,,,,,,,,,
20250210,,Pilot_GD_CC_TrR5_Day1_Block3_CC,GD,CC,R5,3,1,CC,2025_02_10_09_31_36_trial_1_CC,TBD; source GD-1,,10,,Milled + electrodes,,,,,x,,,,,,,,,,,,
20250210,,Pilot_GD_CC_TrR5_Day1_Block4_CC,GD,CC,R5,4,1,CC,2025_02_10_09_51_25_trial_1_CC,TBD; source GD-1,,10,,Milled + electrodes,,,,,x,,,,,,,,,,,,
20250210,,Pilot_GD_PC_TrR6_Day1_Block1_LO,GD,PC,R6,1,1,LO,2025_02_10_11_27_16_trial_1_LO,TBD; source GD-1,,10,,Milled + electrodes,,X,ZK to score,,x,,,"25tri, 20 ITI",,,,,,,,,
20250210,,Pilot_GD_PC_TrR6_Day1_Block2_LO,GD,PC,R6,2,1,LO,2025_02_10_11_49_17_trial_1_LO,TBD; source GD-1,,10,,Milled + electrodes,,X,ZK to score,,x,,,"25tri, 20 ITI",,,,,,,,,
20250210,,Pilot_GD_PC_TrR6_Day1_Block3_PC,GD,PC,R6,3,1,PC,2025_02_10_12_10_52_trial_1_PC and 2025_02_10_12_17_35_trial_1_PC,TBD; source GD-1,,10,,Milled + electrodes,,,ZK to score,,x,,,"2 x (25 tri, 10 ITI); Ran in 2 parts, so note two data folders ",,,,,,,,,
20250210,,Pilot_GD_PC_TrR6_Day1_Block4_PC,GD,PC,R6,4,1,PC,2025_02_10_12_38_45_trial_1_PC and 2025_02_10_12_45_15_trial_1_PC,TBD; source GD-1,,10,,Milled + electrodes,,,ZK to score,,x,,,"2 x (25 tri, 10 ITI); Ran in 2 parts, so note two data folders ",,,,,,,,,
20250210,,Pilot_GD_CC_TrR1_Day3_Block1_CC,GD,CC,R1,1,3,CC,2025_02_10_13_57_14_trial_1_CC,TBD; source GD-1,,10,,Milled + electrodes,,,,,x,,,,,,,,,,,,
20250210,,Pilot_GD_CC_TrR1_Day3_Block2_CC,GD,CC,R1,2,3,CC,2025_02_10_14_17_32_trial_1_CC,TBD; source GD-1,,10,,Milled + electrodes,,,,,x,,,,,,,,,,,,
20250210,,Pilot_GD_CC_TrR1_Day3_Block3_CC,GD,CC,R1,3,3,CC,2025_02_10_14_38_15_trial_1_CC,TBD; source GD-1,,10,,Milled + electrodes,,,,,x,,,,,,,,,,,,
20250210,,Pilot_GD_PC_TrR2_Day3_Block1_PC,GD,PC,R2,1,3,PC,2025_02_10_15_40_08_trial_1_PC,TBD; source GD-1,,10,,Milled + electrodes,,,,,x,,,7-6 and 5-3 gone still.,,,,,,,,,
20250210,,Pilot_GD_PC_TrR2_Day3_Block2_PC,GD,PC,R2,2,3,PC,2025_02_10_16_00_26_trial_1_PC,TBD; source GD-1,,10,,Milled + electrodes,,,,,,,,,,,,,,,,,
20250210,,Pilot_GD_PC_TrR2_Day3_Block3_PC,GD,PC,R2,3,3,PC,2025_02_10_16_20_52_trial_1_PC,TBD; source GD-1,,10,,Milled + electrodes,,,,,x,,,,,,,,,,,,
20250211,,Pilot_GD_CC_TrR5_Day2_Block1_CC,GD,CC,R5,1,2,CC,2025_02_11_09_24_36_trial_1_CC,TBD; source GD-1,,10,,Milled + electrodes,,,,,x,,,,,,,,,,,,
20250211,,Pilot_GD_CC_TrR5_Day2_Block2_CC,GD,CC,R5,2,2,CC,2025_02_11_09_43_18_trial_1_CC,TBD; source GD-1,,10,,Milled + electrodes,,,,,x,,,,,,,,,,,,
20250211,,Pilot_GD_CC_TrR5_Day2_Block3_CC,GD,CC,R5,3,2,CC,2025_02_11_10_03_28_trial_1_CC,TBD; source GD-1,,10,,Milled + electrodes,,,,,x,,,,,,,,,,,,
,,Switch to chemical cues,,,,,,,,,,,,,,,,,,,,,,,,,,,,,
20250226,,Pilot_Schmidtea_UVCHEM_Tr_Day1_Block_UV only,Schmidtea,UVCHEM,,,1,UV only,2025_02_26_15_05_50_trial_1_CC,,6,NA,NA,double hydra white trough nylon mesh,MCS,,,,,,,60s ITI with 5s UV light pulses.,,,,,,,,,
20250226,,Pilot_Schmidtea_UVCHEM_Tr_Day1_Block_UV + passive flow,Schmidtea,UVCHEM,,,1,UV + passive flow,2025_02_26_15_45_17_trial_1_CC,,6,NA,NA,double hydra white trough nylon mesh,MCS,,,,,,,60s ITI with 5s UV light pulses all under passive lfow ,,,,,,,,,
20250226,,Pilot_Schmidtea_UVCHEM_Tr_Day1_Block_Beet pulses,Schmidtea,UVCHEM,,,1,Beet pulses,Recording ,,6,NA,NA,double hydra white trough nylon mesh,MCS,,,,,,,,,,,,,,,,
20250228,,Pilot_SM-2_UVCHEM_TrBeetPlanCC_Day1_Block1_CC,SM-2,UVCHEM,BeetPlanCC,1,1,CC,2025_02_28_13_08_56_trial_1_CC_(Beet_UV_CC_test),,,,,,,,,,,,,,,,,,,,,,
,,,,,,,,,,,,,,,,,,,,,,,,,,,,,,,
20250310,16:18,Pilot_GD-1_BeetHabTests_TrWaterOnly_Day1_Block1_WO,GD-1,BeetHabTests,WaterOnly,1,1,WO,2025_03_10_16_18_10_trial_1_LO,2/27/25,6,3.26 v mot,NA,Double hydra with actuator,ZK,,X,,,,,Testing for habituation to force of injection. Syringe loaded with same water as flow tub. 10 min break after. Did not give 10 min acclimation to trough. Used julia --threads 2 run cam.jl, ,,,,,,,,
20250310,17:02,Pilot_GD-1_BeetHabTests_TrWaterOnly_Day1_Block2_WO,GD-1,BeetHabTests,WaterOnly,2,1,WO,2025_03_10_17_02_11_trial_1_LO,2/27/25,6,3.26 v mot,NA,Double hydra with actuator,ZK,,X,,,,,Testing for habituation to force of injection. Syringe loaded with same water as flow tub. Recycled water from catch basin and catch bucket. First few trials duds as syringe not flush with actuator.,"Takeaways: Can't say yet. Habituation to the water jet could possibly occur in some cases, but the inter-lane variability is too extreme. Some worms are getting blasted off the ground, which could dishabituate anyways. Worms also crawl up mesh. The device will need upgrades before a conclusion can be confidently drawn.",,,,,,,,
20250310,18:33,Pilot_GD-1_BeetHabTests_TrUVonly_Day1_Block1_UV,GD-1,BeetHabTests,UVonly,1,1,UV,2025_03_10_18_33_37_trial_1_CC,2/27/25,6,3.26 v mot,NA,Double hydra with actuator,ZK,,X,,,,,"Testing for habituation to UV with same parameters as it would have in CC. I just ran CC without anything attached to the actuator, so in effect was just US only. Planarians really love going up tubes. Used 1 UV lamp.", ,,,,,,,,
20250310,19:14,Pilot_GD-1_BeetHabTests_TrUVonly_Day1_Block2_UV,GD-1,BeetHabTests,UVonly,2,1,UV,2025_03_10_19_14_42_trial_1_CC,2/27/25,6,3.26 v mot,NA,Double hydra with actuator,ZK,,,,,,,"Note that water is recycled, which was probably not a good idea, since UV probably releases stress signaling substances, at definitely gunky slime. This can be fixed in a future re-run with a better trough. Used 1 UV lamp.","Takeaways: Yay! The block averages are 91% and 92.6% for contractions to UV within the first 30 frames, when using one of the UV lamps. This is pretty good. And, preferable to shock, even qui worms will show a small but visible head contraction and sometimes hightail it out of quiescence. However, many worms disappeared, likely up the tubes, so these results need to be taken with some salt.",,,,,,,,
20250319,14:07,Testing behavior after 1hr of being sealed in the trough - gave pulses 0.3s of red dye and montjuic - some GD some SM-L,,,,,1,WO,2025_03_19_14_07_39_trial_1_LO,,,,,,MCS,,,,,,,,,,,,,,,,
20250319,15:04,Testing habituation to UV light of full worms in batch ^,,,,1,1,UV,2025_03_19_15_04_02_trial_1_LO,,,,,,MCS,,,,,,,,,,,,,,,,
20250319,15:37,Testing habituation of SM tails to UV,,,,1,1,UV,2025_03_19_15_37_00_trial_1_LO,,,,,,MCS,,,,,,,I think this may have killed them,,,,,,,,,
20250319,16:29,"Dishabituated with two water drops each, then tested hab again",,BeetHabTests,SMtailUV,1,1,UV,2025_03_19_16_29_30_trial_1_LO,,,,,,,,,,,,,"I think this may have killed them. White gunk floating the next morning. Hypothesis-- they can't regulate their stress response, so they use up all their resources and die.",,,,,,,,,
20250320,11:56,Dyed brine only,"SM, GD",,,1,1,CO,2025_03_20_11_56_17_trial_1_CO,,5,,,,,,,,,,,Chemical tube disconnected/slipped so dyed brine delivery not functional for some (large) fraction of trials.,,,,,,,,,
20250320,12:47,Testing habituation to SM tails to UV (RD-1),SM-1,BeetHabTests,SMtailUV,1,1,UV,2025_03_20_12_47_29_trial_1_LO,,6,,,Oly-sealed,ZKMCS,,,,,,,"Tails cut yesterday tested on UV, two UV lamps at full power (voltage?)",,,,,,,,,
20250320,13:26,Retest of habituation to SM tails to UV (RD-1),SM-1,BeetHabTests,SMtailUV,2,1,UV,2025_03_20_13_26_34_trial_1_LO,,6,,,Oly-sealed,ZKMCS,,,,,,,"PP1 = ""regeneration day 1""",,,,,,,,,
20250321,,Brine habituation SM and GD,"SM, GD",,,,,,2025_03_21_09_58_56_trial_1_CO,,,,,,,,,,,,,,,,,,,,,,
20250321,,Montjuic control habituation SM and GD,"SM, GD",,,,,,2025_03_21_10_37_37_trial_1_CO,,,,,,,,,,,,,,,,,,,,,,
20250321,,Beet habituation SM and GD ,"SM, GD",,,,,,2025_03_21_11_17_22_trial_1_CO,,,,,,,,,,,,,,,,,,,,,,
20250321,,UV habituation,,,,,,,2025_03_21_11_51_35_trial_1_LO,,,,,,,,,,,,,,,,,,,,,,
20250321,,UV tail habituation ,,,,,,,2025_03_21_12_31_57_trial_1_LO,,,,,,,,,,,,,,,,,,,,,,
20250324,,UV-Beet juice attempt 1 (many escaped),,,1,0,1,CC,2025_03_24_08_53_43_trial_1_CC,20250319,,,,,,,,,,,,,,,,,,,,,
20250324,,UV-Beet juice attempt 2 (many escaped - 15 trials?),,,1,1,1,CC,2025_03_24_09_18_40_trial_1_CC,20250319,,,,,,,,,,,,,,,,,,,,,
20250324,,Montjuic pulse - UV attempt 1 (0.3 motor),,,1,2,1,CC,2025_03_24_12_01_05_trial_1_CC,20250319,,,,,,,,,,,,,,,,,,,,,
20250324,,Montjuic pulse - UV attempt 1 (0.1 motor),,,1,3,1,CC,2025_03_24_12_42_12_trial_1_CC,20250319,,,,,,,,,,,,,,,,,,,,,
20250324,,Montjuic pulse only (0.1 motor),,,2,1,1,CO,2025_03_24_13_27_36_trial_1_CO,20250319,,,,,,,,,,,,"""Chemical"" is just Montjuic water",,,,,,,,,
20250324,,Montjuic pulse only (0.1 motor),,,2,2,1,CO,2025_03_24_14_00_04_trial_1_CO,20250319,,,,,,,,,,,,"""Chemical"" is just Montjuic water",,,,,,,,,
20250324,14:40,Montjuic pulse only (0.05 motor),SM,,2,3,1,CO,2025_03_24_14_40_24_trial_1_CO,20250319,,,,"Yuwei 2.0 sealed chamber, stagnant",,,,,,,,"""Chemical"" is just Montjuic water",,,,,,,,,
20250324,15:06,Montjuic pulse - UV (0.05 motor),,,2,4,1,CC,2025_03_24_15_06_44_trial_1_CC,20250319,,,,,,,,,,,,,,,,,,,,,
20250324,15:42,Montjuic pulse - UV (0.05 motor),,,2,5,1,CC,2025_03_24_15_42_23_trial_1_CC,20250319,,,,,,,,,,,,,,,,,,,,,
20250324,16:57,Montjuic pulse - UV (0.05 motor),,,1,4,1,CC,2025_03_24_16_57_03_trial_1_CC,20250319,,,,,,,,,,,,,,,,,,,,,
20250324,18:07,Montjuic pulse - UV (0.05 motor),,,1,5,1,CC,2025_03_24_18_07_32_trial_1_CC,20250319,,,,,,,,,,,,,,,,,,,,,
20250325,8:42,Montjuic pulse - UV (0.05 motor),,,2,6,2,CC,2025_03_25_08_42_09_trial_1_CC,20250319,,,,,,,,,,,,,,,,,,,,,
20250325,9:21,Montjuic pulse - UV (0.05 motor),,,2,7,2,CC,2025_03_25_09_21_19_trial_1_CC,20250319,,,,,,,,,,,,,,,,,,,,,
20250325,9:59,Montjuic pulse - UV (0.05 motor),,,3,1,1,CO,2025_03_25_09_59_31_trial_1_CO,20250319,,,,,,,,,,,,,,,,,,,,,
20250325,10:37,Montjuic pulse - UV (0.05 motor),,,3,2,1,CC,2025_03_25_10_37_16_trial_1_CC,20250319,,,,,,,,,,,,,,,,,,,,,
20250325,11:08,Montjuic pulse - UV (0.05 motor),,,3,3,1,CC,2025_03_25_11_08_27_trial_1_CC,20250319,,,,,,,,,,,,,,,,,,,,,
20250325,12:44,Montjuic pulse - UV (0.05 motor),,,3,4,1,CC,2025_03_25_12_44_43_trial_1_CC,20250319,,,,,,,,,,,,,,,,,,,,,
20250325,15:46,CC with Blue CS and UV US,"4 SM, 1 OR-1, 1 GD-2",2L-CC,CSblue/USuv,1,1,CC,2025_03_25_15_46_48_trial_1_CC,20250319,6,,,"Yuwei 2.0 sealed chamber, stagnant",ZK,,,N,,,,,,,,,,,,,
20250325,16:30,CC with Blue CS and UV US,"4 SM, 1 OR-1, 1 GD-2",2L-CC,CSblue/USuv,2,1,,2025_03_25_16_30_52_trial_1_CC,20250319,6,,,"Yuwei 2.0 sealed chamber, stagnant",ZK,,,N,,,,,,,,,,,,,
20250326,,CC of DJ with White CS and UV US + pre-habituation,DJ-1,CC,CSwhiteUSuv,1,1,LO,2025_03_26_16_21_51_trial_1_CO,20250319,14,,,Droplets on white,,,,,,,,"1 warm white bulb, 2 UV rectangles, CS 5 sec UV 2 sec (coniciding)",,,,,,,,,
20250326,,CC of DJ with White CS and UV US + pre-habituation,DJ-1,CC,CSwhiteUSuv,2,1,CC,,20250319,14,,,Droplets on white,,,,,,,,,,,,,,,,,
20250326,,CC of DJ with White CS and UV US + pre-habituation,DJ-1,CC,CSwhiteUSuv,3,1,CC,,20250319,14,,,Droplets on white,,,,,,,,,,,,,,,,,
20250327,10:13,CC of new DJ with White CS and UV US (long ITI),DJ-1,CC,CSwhiteUSuv,1,1,CC,2025_03_27_10_13_32_trial_1_CC,20250319,,,,Droplets on white,MCS,,,,,,,5 min ITI,,,,,,,,,
20250327,12:52,,DJ-1,CC,CSwhiteUSuv,2,1,CC,2025_03_27_12_52_38_trial_1_CC,20250319,,,,Droplets on white,ZK,,,,,,,5 min ITI,,,,,,,,,
20250327,16:26,CC with 2 GD-B and 4 DJ,GD-B,CC,CSwhiteUSuv,1,1,CC,2025_03_27_16_26_04_trial_1_CC,n/a,6,,,Droplets on white,ZK,,,N,,,,"3 sec white, 1 sec UV, ITI 2 min. Forgot to add UV paper. Worms fed after block.",,,,,,,,,
20250327,,CC with 2 GD-B and many DJ,GD-B,CC,CSwhiteUSuv,2,2,CC,2025_03_28_09_43_06_trial_1_CC,20250328,6+,,,Droplets on white,ZK,,,,,,,"3 sec white, 1 sec UV, ITI 2 min. Forgot to add UV paper.  ",,,,,,,,,
20250327,,CC with 2 GD-B and many DJ,GD-B,CC,CSwhiteUSuv,3,2,CC,2025_03_28_11_29_10_trial_1_CC,20250328,6+,,,Droplets on white,ZK,,,,,,,"3 sec white, 1 sec UV, ITI 2 min.",,,,,,,,,
,,GD lowUV-shock CC,,,,1,1,CC,2025_03_28_14_32_31_trial_1_CC,,,,,,,,,,,,,,,,,,,,,,
20250328,,GD lowUV-shock CC,,,,2,1,CC,2025_03_28_16_18_08_trial_1_CC,,,,,,,,,,,,,,,,,,,,,,
,,GD lowUV-shock CC,,,,3,2,CC,2025_03_31_08_21_52_trial_1_CC,,,,,,,,,,,,,,,,,,,,,,
...,...,GD lowUV-shock CC,...,...,...,4,2,CC,2025_03_31_13_13_27_trial_1_CC,,,,,,,,,,,,,,,,,,,,,,
,,GD lowUV-shock CC,,,,3,3,CC,2025_04_01_08_07_03_trial_1_CC,,,,,,,,,,,,,,,,,,,,,,
,,GD lowUV-shock CC,,,,3,3,CC,,,,,,,,,,,,,,,,,,,,,,,
,,,,,,,,,,,,,,,,,,,,,,,,,,,,,,,
,,,,,,,,,,,,,,,,,,,,,,,,,,,,,,,
20250331,12:00,SM round two?,SM,CC,CSdimuvUSshock,2,,CC,2025_03_31_12_00_24_trial_1_CC,,,,,,ZK,,,,,,,Running second (?) block of SM in dim UV with US shock. Added indicator light for shock.,,,,,,,,,
,,,,,,,,,,,,,,,,,,,,,,,,,,,,,,,
20250401,11:49,GD day X block 1,GD,CC,CSdimuvUSshock,1,,CC,2025_04_01_11_49_36_trial_1_CC,,6,,,,,,,,,,,,,,,,,,,,
20250401,13:02,GD day X block 2 ,GD,CC,CSdimuvUSshock,2,,CC,2025_04_01_13_02_28_trial_1_CC,,6,,,,ZK,,,,,,,,,,,,,,,,
20250401,16:42,SM day X block 1,SM,CC,CSdimuvUSshock,1,,CC,2025_04_01_16_42_53_trial_1_CC,,6,,,,ZK,,,,,,,"Acclim for 10 min. Trough rinsed with Montjuic twice, not wiped. Oops, run BOTCHED. I forgot to reconnect the alligator clips to the electrodes, so this block was just light only.",,,,,,,,,
20250402,10:24,GD day X+1 block 1,GD,CC,CSdimuvUSshock,1,,CC,2025_04_02_10_24_52_trial_1_CC,,6,,,,ZK,,,,,,,"Acclim for 20 mins (to let slime up trough a bit). Trough filled with fresh Montjuic water. 2 min ITI, as has been the usual for the last few runs.",,,,,,,,,
20250402,11:36,GD day X+1 block 2,GD,CC,CSdimuvUSshock,2,,CC,2025_04_02_11_36_52_trial_1_CC,,6,,,,ZK,,,,,,,"Before start of block 2, worms removed from corners by prodding with pipette water, then allowed another 10 min to acclimate. One worm went missing upon retrieval.",,,,,,,,,
20250402,12:55,SM day X+1 block 1,SM,CC,CSdimuvUSshock,1,,CC,2025_04_02_12_55_28_trial_1_CC,,6,,,,ZK,,,,,,,,,,,,,,,,
20250402,14:06,SM day X+1 block 2,SM,CC,CSdimuvUSshock,2,,CC,2025_04_02_14_06_58_trial_1_CC,,6,,,,ZK,,,,,,,Worms shifted around before starting; individual tracking between this block and the last not possible.,,,,,,,,,
20250403,10:27,GD day x+2 block 1,GD,CC,CSdimuvUSshock,1,,CC,2025_04_03_10_27_46_trial_1_CC,,5,,,,ZK,,,,,,,Acclim for 20 mins before start (20 rather than 10 bc no slime crew),,,,,,,,,
20250403,11:29,GD day x+2 block 2,GD,CC,CSdimuvUSshock,2,,CC,2025_04_03_11_29_00_trial_1_CC,,5,,,,ZK,,,,,,,,,,,,,,,,
20250403,12:46,SM day x+2 block 1,SM,CC,CSdimuvUSshock,1,,CC,2025_04_03_12_46_49_trial_1_CC,,6,,,,ZK,,,,,,,,,,,,,,,,
20250403,13:48,SM day x+2 block 2,SM,CC,CSdimuvUSshock,2,,CC,2025_04_03_13_48_37_trial_1_CC,,6,,,,ZK,,,,,,,,,,,,,,,,
20250403,20:11,GD-Spring no-Montjuic Day 1 Block 1,GD-S,CC,CSdimuvUSshock,1,1,CC,2025_04_03_20_11_45_trial_1_CC,20250401,6,9.92,0.117,"Hybrid, long electrode rail",ZK,,,,,,,"Worms raised in Carolina Spring Water since 20250214. Acclim 20 min before start (no slime crew). 2 min ITI, 25 tri.",,,,,,,,,
20250403,21:37,GD-Spring no-Montjuic Day 1 Block 2,GD-S,CC,CSdimuvUSshock,2,1,CC,2025_04_03_21_37_23_trial_1_CC,20250401,6,9.92,0.117,"Hybrid, long electrode rail",ZK,,,,,,,"Upon return, dispel worms from hidey holes gently and return to lanes. ~20 min acclim, then run. 2 min ITI, 25 tri. They really seem to become quiescent quite quickly compared to older runs.",,,,,,,,,
20250404,12:04,GD-Spring no-Montjuic Day 2 Block 1,GD-S,CC,CSdimuvUSshock,1,1,CC,2025_04_04_12_04_28_trial_1_CC,20250401,6,9.92,0.117,"Hybrid, long electrode rail",ZK,,,,,,,,,,,,,,,,
20250404,13:44,GD-Spring no-Montjuic Day 2 Block 2,GD-S,CC,CSdimuvUSshock,2,1,CC,2025_04_04_13_44_55_trial_1_CC,20250401,6,9.92,0.117,"Hybrid, long electrode rail",ZK,,,,,,,Something insane happens with the frames around Fr 1235 which obscures data :(,,,,,,,,,
20250404,15:07,GD day x+3 block 1,GD,CC,CSdimuvUSshock,1,x+3,CC,2025_04_04_15_07_00_trial_1_CC,,5,9.92,0.117,"Hybrid, long electrode rail",ZK,,,,,,,Same as usual.,,,,,,,,,
20250404,18:56,SM day x+3 block 1,SM,CC,CSdimuvUSshock,1,x+3,CC,2025_04_04_18_56_56_trial_1_CC,,6,9.92,0.117,"Hybrid, long electrode rail",ZK,,,,,,,Same as usual.,,,,,,,,,
20250407,11:07,GD-Spring no-Montjuic Day 3 Block 1,GD-S,CC,CSdimuvUSshock,1,3,CC,2025_04_07_11_07_21_trial_1_CC,20250401,6,9.92,0.117,"Hybrid, long electrode rail",ZK,,,N?,,,,20 min acclim since no sime crew. Rest is same as usual.,,,,,,,,,
20250407,12:10,GD-Spring no-Montjuic Day 3 Block 2,GD-S,CC,CSdimuvUSshock,2,3,CC,2025_04_07_12_10_33_trial_1_CC,20250401,6,9.92,0.117,"Hybrid, long electrode rail",ZK,,,N?,,,,"Fr 228, worm 3 has a crazy contraction to shock.",,,,,,,,,
20250407,14:46,"Charles River ""Tigrinas"" Day 1 Block 1",GT-Charles,CC,CSdimuvUSshock,1,1,CC,2025_04_07_14_46_44_trial_1_CC,20250404,6,9.92,0.117,"Hybrid, long electrode rail",ZK,,,,,,,"These worms have very strong adhesion to the dishes, which is in accordance with the GT's we got from Levin lab. They also seem to gun for the corners with gumption, so they may need to be encouraged back to the center frequently (i.e. babysat during the blocks). Worm 3 does have a lesion on tail, near pharynx. Worm 5 disappears partway through.",,,,,,,,,
20250407,15:53,"Charles River ""Tigrinas"" Day 1 Block 2",GT-Charles,CC,CSdimuvUSshock,2,1,CC,2025_04_07_15_53_45_trial_1_CC,20250404,5,9.92,0.117,"Hybrid, long electrode rail",ZK,,,,,,,"3/5 worms had lesions/gouges after trials, probably as consequence of high rate of experiment encouragement. Use widened tip next time.",,,,,,,,,
20250408,11:16,"Charles River ""Tigrinas"" Day 2 Block 1",GT-Charles,CC,CSdimuvUSshock,1,2,CC,2025_04_08_11_16_05_trial_1_CC,20250404,6,9.92,0.117,"Hybrid, long electrode rail",ZK,,,,,,,"One worm recovered after yesterday's final block who was hiding under trough, so average p(CR) should lag until asymptote, i.e. let's be a little bit more patient with these worms. 25 tri, 2 min ITI. Shock reduced to 0.5 sec henceforth, light still 3 sec total, shock occurs at 2 sec. Worms prodded gently (as could be) with a paintbrush instead of harrassed with water jets to get them out of quiescence/corners.",,,,,,,,,
20250408,12:33,"Charles River ""Tigrinas"" Day 2 Block 2",GT-Charles,CC,CSdimuvUSshock,2,2,CC,2025_04_08_12_33_25_trial_1_CC,20250404,5,9.92,0.117,"Hybrid, long electrode rail",ZK,,,,,,,,,,,,,,,,
20250408,14:27,GD-Spring no-Montjuic Day 4 Block 1,GD-S,CC,CSdimuvUSshock,1,4,CC,2025_04_08_14_27_48_trial_1_CC,20250401,5,9.31,0.12,"Hybrid, long electrode rail",ZK,,,,,,,"20 min acclim, no slime crew, same as all the previous for this specific protocol. Shock duration reduced to 0.5 seconds as with the other runs today. Started at 2:22 but forgot electrodes, so they got 3 extinction trials WHOOPS, but corrected at 2:27.",,,,,,,,,
20250408,15:37,GD-Spring no-Montjuic Day 4 Block 2,GD-S,CC,CSdimuvUSshock,2,4,CC,2025_04_08_15_37_56_trial_1_CC,20250401,5,9.31,0.12,"Hybrid, long electrode rail",ZK,,,,,,,Same as usual.,,,,,,,,,
20250409,11:23,GD-Spring no-Montjuic Day 5 Block 1,GD-S,CC,CSdimuvUSshock,1,5,CC,2025_04_09_11_23_14_trial_1_CC,20250401,5,9.31,0.12,"Hybrid, long electrode rail",ZK,,,,,,,Frame offset issues botched the run data; troubleshooting.,,,,,,,,,
20250409,17:11,GD-Spring no-Montjuic Day 5 Block 2,GD-S,CC,CSdimuvUSshock,2,5,CC,2025_04_09_17_11_13_trial_1_CC,20250401,5,9.31,0.12,"Hybrid, long electrode rail",MCS,,,N,,,,Ran after troubleshooting camera issues.,,,,,,,,,
20250410,10:36,"Charles River ""Tigrinas"" Day 3 Block 1",GT-Charles,CC,CSdimuvUSshock,1,3,CC,2025_04_10_10_36_54_trial_1_CC,20250404,6,9.92,0.117,"Hybrid, long electrode rail",ZK,,,N,,,,"Note that these worms skipped a day due to troubleshooting, but it is still their second day. 20 min acclimination at 10:15 AM. Worm 4 in Fr 1388 does a conL, probably spurious.",,,,,,,,,
20250410,11:52,"Charles River ""Tigrinas"" Day 3 Block 2",GT-Charles,CC,CSdimuvUSshock,2,3,CC,2025_04_10_11_52_07_trial_1_CC,20250404,6,9.92,0.117,"Hybrid, long electrode rail",ZK,,,,,,,,,,,,,,,,
20250410,13:30,GD-Spring no-Montjuic Day 6 Block 1,GD-S,CC,CSdimuvUSshock,1,6,CC,2025_04_10_13_30_00_trial_1_CC,20250401,5,9.31,0.12,"Hybrid, long electrode rail",ZK,,,,,,,,,,,,,,,,
20250410,14:52,GD-Spring no-Montjuic Day 6 Block 2,GD-S,CC,CSdimuvUSshock,2,6,CC,2025_04_10_14_52_38_trial_1_CC,20250401,5,9.31,0.12,"Hybrid, long electrode rail",ZK,,,,,,,Fr 1257 worm 1 contracts to light.,,,,,,,,,
20250410,16:53,The Leech Day 1 Block 1,Leech,CC,CSdimuvUSshock,1,1,CC,2025_04_10_16_53_32_trial_1_CC,NA,1 leech,9.31,0.12,"Hybrid, long electrode rail",ZK,,,,,,,"The leech from the Charles River with usual paradigm. ITI 2 min, 25 tri. No learning yet...",,,,,,,,,
20250411,11:41,The Leech Day 2 Block 1,Leech,CC,CSdimuvUSshock,1,2,,2025_04_11_11_41_02_trial_1_CC,NA,1 leech,9.31,0.12,"Hybrid, long electrode rail",ZK,,,,,,,,,,,,,,,,
20250411,13:21,GD-Spring no-Montjuic Day 7 Block 1,GD-S,CC,CSdimuvUSshock,1,7,CC,2025_04_11_13_21_33_trial_1_CC,20250401,5,9.31,0.12,"Hybrid, long electrode rail",ZK,,,,,,,,,,,,,,,,
20250411,14:27,GD-Spring no-Montjuic Day 7 Block 2,GD-S,CC,CSdimuvUSshock,2,7,CC,2025_04_11_14_27_03_trial_1_CC,20250401,5,9.31,0.12,"Hybrid, long electrode rail",ZK,,,,,,,,,,,,,,,,
20250411,15:41,"Charles River ""Tigrinas"" Day 4 Block 1",GT-Charles,CC,CSdimuvUSshock,1,4,CC,2025_04_11_15_41_54_trial_1_CC,20250404,6,9.92,0.117,"Hybrid, long electrode rail",ZK,,,,,,,"Short acclim <10 min. One worm is bisected fully. One worm at end hiding under trough, recovered and floating in dish, may be dead.",,,,,,,,,
20250416,X,SM-L habituation,SM-L,LO,,1,1,LO,2025_04_16_10_32_06_trial_1_LO,,,,,New 12,MCS,,MCS,,,,,0.2s full exposure UV light pulse is the only stimulus. 30s ITI. 12 worms (SHORT first test trial),,,,,,,,,
20250416,,SM-L habituation,SM-L,LO,,1,1,LO,2025_04_16_10_40_20_trial_1_LO,,,,,New 12,MCS,,MCS,,,,,Full 25 trials,,,,,,,,,
20250416,,SM-L habituation,SM-L,LO,,2,1,LO,2025_04_16_11_13_10_trial_1_LO,,,,,New 12,MCS,,MCS,,,,,"10m break, then water dropped + shocked to dishab",,,,,,,,,
20250416,16:54,SM-L habituation (ph 1.1),SM-L,LO,,3,1,LO,2025_04_16_16_54_21_trial_1_LO,,,,,New 12,MCS,,X,,,,,Waited until the end of the day then ran two more (this being first),,,,,,,,,
20250416,17:32,SM-L habituation (ph 1.2),SM-L,LO,,4,1,LO,2025_04_16_17_32_32_trial_1_LO,,,,,New 12,MCS,,X,,,,,,,,,,,,,,
20250421,9:35,SM-L habituation (ph 2.1),SM-L,LO,HabUV-1,1,2,LO,2025_04_21_09_35_46_trial_1_LO,,,,,New 12,MCS,,,,,,,"Took calibration images the session before. The worms are the same as the habituation above but THESE well numbers are not the same because of mix-ups: 1, 9,10,11,12. The rest are L-R Front-Back the same. 10 dropped his tail and his tail is sitting in the well below. Let run in troughs to slime for 30min beforehand. 2 escaped or vanished during the slime period, so put in a worm from the colony.",,,,,,,,,
20250421,10:32,SM-L habituation (ph 2.2),SM-L,LO,HabUV-1,2,2,LO,2025_04_21_10_32_28_trial_1_LO,,,,,New 12,MCS,,,,,,,,,,,,,,,,
20250421,12:26,GD-1 UV Habituation Tr 1 Day 1 Block 1,GD-1,LO,1,1,1,LO,2025_04_21_12_26_45_trial_1_LO,,,,,,ZK,,,,,,,"High rest period after. 30 sec ITI, 0.2 s burst of UV.",,,,,,,,,
20250421,13:06,GD-1 UV Habituation Tr 1 Day 1 Block 2,GD-1,LO,1,2,1,LO,2025_04_21_13_06_06_trial_1_LO,,,,,,ZK,,,,,,,"30 sec ITI, 0.2s burst UV.",,,,,,,,,
20250421,16:51,SM-L habituation Tr 2 Day 1 Block 1 (ph 3.1),SM-L,LO,HabUV-3,1,1,LO,2025_04_21_16_51_47_trial_1_LO,20250414,12,NA,NA,,ZK,,X,,,,,"30 sec ITI, 0.2s burst of one unfiltered UV.",,,,,,,,,
20250421,17:16,SM-L habituation Tr 2 Day 1 Block 2 (ph 3.2),SM-L,LO,HabUV-3,2,1,LO,2025_04_21_17_16_34_trial_1_LO,20250414,12,NA,NA,,ZK,,X,,,,,"30 sec ITI, 0.2s burst of one unfiltered UV.",,,,,,,,,
202504022,9:23,SM-L habituation Tr1+2 Day 2 Block 1,SM-L,,,,,LO,2025_04_22_09_23_17_trial_1_LO,,,,,,,,,,,,,,,,,,,,,,
202504022,11:55,SM-L habituation Tr1+2 Day 2 Block 2,SM-L,,,,,LO,2025_04_22_11_55_45_trial_1_LO,,,,,,,,,,,,,,,,,,,,,,
202504022,9:04,SM-L habituation Tr1+2 Day 3 Block 1,SM-L,,,,,LO,2025_04_23_09_04_06_trial_1_LO,,,,,,,,,,,,,,,,,,,,,,
202504022,11:04,SM-L habituation Tr1+2 (sample of 12) Day 4 BLock 1,SM-L,,,,,LO,2025_04_24_11_04_14_trial_1_LO,,,,,,,,,,,,,,,,,,,,,,
...,...,...,...,...,...,...,...,...,...,,,,,,,,,,,,,,,,,,,,,,
20250602,15:18,Vis-UV Penultimate Block,SM,CC,Vis-UV-1,1,tbd,CC,2025_06_02_15_18_17_trial_1_CC,,6,NA,NA,Donuts,ZK,,,,,,,,,,,,,,,,
20250602,15:37,Vis-UV Final Block,SM,CC,Vis-UV-1,2,tbd,CC,2025_06_02_15_37_46_trial_1_CC,,6,NA,NA,Donuts,ZK,,,,,,,,,,,,,,,,
,,,,,,,,,,,,,,,,,,,,,,,,,,,,,,,
,,Tails 2 PC Calibration,,,,,,,,,,,,,,,,,,,,,,,,,,,,,
,,Tails 2 PC BLock 1 ,,,,,,,,,,,,,,,,,,,,,,,,,,,,,
,,Tails 2 PC BLock 2,,,,,,,,,,,,,,,,,,,,,,,,,,,,,
,,Michigan worms calibration,,,,,,,,,,,,,,,,,,,,,,,,,,,,,
,,Michigan worms block 1,,,,,,,,,,,,,,,,,,,,,,,,,,,,,
,,Michigan worms block 2,,,,,,,,,,,,,,,,,,,,,,,,,,,,,
,,Tails 1 CC Calibration,,,,,,,,,,,,,,,,,,,,,,,,,,,,,
,,Tails 1 CC BLock 1 ,,,,,,,,,,,,,,,,,,,,,,,,,,,,,
,,Tails 1 CC BLock 2,,,,,,,,,,,,,,,,,,,,,,,,,,,,,
20250617,13:27,"""Tails 2"" PC 1",SM,PC,VisUV-PC,1,,PC,2025_06_17_13_27_03_trial_1_PC,,,,,,ZK,,,,,,,Calibration: 2025_06_17_13_06_07_trial_1_CC_calib,,,,,,,,,
20250617,13:44,"""Tails 2"" PC 2",SM,PC,VisUV-PC,2,,PC,2025_06_17_13_44_41_trial_1_PC,,,,,,ZK,,,,,,,,,,,,,,,,
,,,,,,,,,,,,,,,,,,,,,,,,,,,,,,,
20250625,18:12,GD James White-Shock CC Troupe 1 Block 1,GD-2,CC,James-1,1,1,CC,2025_06_25_18_12_21_trial_1_SC,20250624,6,12,NA,Olympic,ZK,,,,,,,"1 min ITI, 30 sec CS, 0.5 sec 12v shock. IR panel very hot. Indicator failed but shock delivered.",,,,,,,,,
20250626,10:57,GD James White-Shock CC Troupe 1 Block 2,GD-2,CC,James-1,2,1,CC,2025_06_26_10_57_10_trial_1_SC,20250624,6,12,NA,Olympic,ZK,,,,,,,"1 min ITI, 30 sec CS, 0.5 sec 12v shock. ",,,,,,,,,
20250626,11:30,GD James White-Shock CC Troupe 1 Block 3,GD-2,CC,James-1,2,1,CC,2025_06_26_11_30_32_trial_1_SC,20250624,6,12,NA,Olympic,ZK,,,,,,,,,,,,,,,,
20250630,14:34,GD Tasmania White-Shock CC Tr1 Block1,GD-2,CC,TS-test1,1,1,CC,2025_06_30_14_34_11_trial_1_TS,20250624,6,5,NA,Milled,ZK,,,,,,,"30 sec CS, 3 sec US shock, ITI 20 sec, 75 min acclim",,,,,,,,,
20250630,15:46,GD Tasmania White-Shock CC Tr1 Block2,GD-2,CC,TS-test1,2,1,CC,2025_06_30_15_46_36_trial_1_TS,20250624,6,5,NA,Milled,ZK,,,,,,,"30 sec CS, 3 sec US shock, ITI 20 sec. Heat seems an issue; worms dessicated by at least 4:41 PM, 5/6 dead",,,,,,,,,
,,"Tr 2 cuz Tr1 died, fix heat issue",,,,,,,,,,,,,,,,,,,,,,,,,,,,,
20250702,14:05,GD Tasmania White-Shock CC Tr2 Block 1,GD-2,CC,TS-test2,1,1,CC,2025_07_02_14_05_18_trial_1_TS,20250701,6,5,,Milled,ZK,,,,,,,"60 sec ITI with James et al parameters (see above). 10 min acclim before that. Shock indic inactive, count frames",,,,,,,,,
20250702,14:35,GD Tasmania White-Shock CC Tr3 Block 1,GD-2,CC,TS-test3,1,1,CC,2025_07_02_14_35_24_trial_1_TS,20250701,6,5,,Milled,ZK,,,,,,,"Same as above, but accidentally ran with 25 trial default. Stopped after FOUR trials.",,,,,,,,,
20250702,18:11,GD Tasmania White-Shock CC Tr3 Block 2,GD-2,CC,TS-test2,2,1,CC,2025_07_02_18_11_44_trial_1_TS,20250701,6,5,,Milled,ZK,,,,,,,"10 min acclim, then same as above (3 trials). Did not clean trough after last set. Three trials but video kept going.",,,,,,,,,
20250702,18:40,GD Tasmania White-Shock CC Tr2 Block 2,GD-2,CC,TS-test3,2,1,CC,2025_07_02_18_40_11_trial_1_TS,20250701,6,5,,Milled,ZK,,,,,,,"10 min acclim, then same as above. DID clean trough after last set.",,,,,,,,,
20250703,,TS-tset2 died after being left in trough for too long,GD-2,CC,TS-test2,3,2,CC,,20250701,6,5,,Milled,ZK,,,,,,,,,,,,,,,,
20250703,13:29,GD Tasmania White-Shock CC Tr3 Block 3,GD-2,CC,TS-test3,3,2,CC,2025_07_03_13_29_15_trial_1_TS,20250701,6,5,,Milled,ZK,,,,,,,"3 trials, ITI 60, 30 sec light 3 sec shock, 5v, etc. Same as usual. 10 min rest.",,,,,,,,,
20250703,15:49,GD Tasmania White-Shock CC Tr3 Block 4,GD-2,CC,TS-test3,4,2,CC,2025_07_03_15_49_06_trial_1_TS,20250701,6,5,,Milled,ZK,,,,,,,,,,,,,,,,
,,Serious Tasmanian runs below:,,,,,,,,,,,,,,,,,,,,,,,,,,,,,
20250715,10:09,GD TC White-Shock CC Tr1 Block 1,GD-2,CC,TC-1,1,1,CC,2025_07_15_10_09_29_trial_1_TC,20250701,6,5.02,NA,Milled,ZK,,X,,,,,"According to TS protocol. 3 min rest, 30 CS 3 US, 30 5v s ITI, 3 trials. Some worms pretty small from starvation. Note that FTC off 0.3 ftc, 300.5 on.",,,,,,,,,
20250715,14:18,GD TC White-Shock CC Tr1 Block 2,GD-2,CC,TC-1,2,1,CC,2025_07_15_14_18_26_trial_1_TC,20250701,6,5.02,NA,Milled,ZK,,X,,,,,"Note with TC-1: worms kept in petri dish and individual data not available. With TC-2+, keep in well plates & maintain indiv?",,,,,,,,,
20250716,10:04,GD TC White-Shock CC Tr1 Block 3,GD-2,CC,TC-1,3,2,CC,2025_07_16_10_04_14_trial_1_TC,20250701,6,5.02,NA,Milled,ZK,,X,,,,,"""",,,,,,,,,
20250716,14:13,GD TC White-Shock CC Tr1 Block 4,GD-2,CC,TC-1,4,2,CC,2025_07_16_14_13_01_trial_1_TC,20250701,6,5.02,NA,Milled,ZK,,X,,,,,"""",,,,,,,,,
20250717,10:16,GD TC White-Shock CC Tr1 Block 5,GD-2,CC,TC-1,5,3,CC,2025_07_17_10_16_11_trial_1_TC,20250701,6,5.02,NA,Milled,ZK,,X,,,,,"""",,,,,,,,,
20250717,14:48,GD TC White-Shock CC Tr1 Block 6,GD-2,CC,TC-1,6,3,CC,2025_07_17_14_48_06_trial_1_TC,20250701,6,5.02,NA,Milled,ZK,,X,,,,,"""",,,,,,,,,
20250718,10:22,GD TC White-Shock CC Tr1 Block 7,GD-2,CC,TC-1,7,4,CC,2025_07_18_10_22_17_trial_1_TC,20250701,6,5.02,NA,Milled,ZK,,X,,,,,""". Tried to run ""test"" 3 min, but had issues with black frames in dat.bins, so just ran more training trials.",,,,,,,,,
20250718,14:22,GD TC White-Shock CC Tr1 Block 8,GD-2,CC,TC-1,8,4,CC,2025_07_18_14_22_00_trial_1_TC,20250701,6,5.02,NA,Milled,ZK,,X,,,,,"""",,,,,,,,,
,,Improved CS and US:,,,,,,,,,,,,,,,,,,,,,,,,,,,,,
20250729,10:10,GD TC Blue-Shock CC Tr5-trapped Block 1,GD-2,CC,TC-5,1,1,CC,2025_07_29_10_10_33_trial_1_TC,20250721,6,11.75,NA,Milled-1,ZK,,,,,,,"According to modified TS protocol. 3 min rest, 30 CS 3 US, 30 11.75v 30s ITI, 3 trials. Some worms pretty small from starvation. CS is 3 sheets blue cellophane over white stim panel in prev troupe.",,,,,,,,,
20250729,10:22,GD TC Blue-Shock CC Tr2 Block 1,GD-2,CC,TC-2,1,1,CC,2025_07_29_10_22_03_trial_1_TC,20250721,6,11.75,NA,Olympic-A,ZK,,,,,,,,,,,,,,,,
20250729,10:32,GD TC Blue-Shock CC Tr3 Block 1,GD-2,CC,TC-3,1,1,CC,2025_07_29_10_32_00_trial_1_TC,20250721,6,11.75,NA,Olympic-A,ZK,,,,,,,,,,,,,,,,
20250729,10:41,SM-S TC Blue-Shock CC Tr4 Block 1,SM-S,CC,TC-4,1,1,CC,2025_07_29_10_41_04_trial_1_TC,20250721,6,11.75,NA,Olympic-A,ZK,,,,,,,,,,,,,,,,
20250729,13:46,GD TC Blue-Shock CC Tr5-trapped Block 2,GD-2,CC,TC-5,2,1,CC,2025_07_29_13_46_05_trial_1_TC,20250721,6,11.75,NA,Milled-1,ZK,,,,,,,,,,,,,,,,
20250729,13:55,GD TC Blue-Shock CC Tr2 Block 2,GD-2,CC,TC-2,2,1,CC,2025_07_29_13_55_19_trial_1_TC,20250721,6,11.75,NA,Olympic-A,ZK,,,,,,,,,,,,,,,,
20250729,14:08,GD TC Blue-Shock CC Tr3 Block 2,GD-2,CC,TC-3,2,1,CC,2025_07_29_14_08_07_trial_1_TC,20250721,6,11.75,NA,Olympic-A,ZK,,,,,,,"5 and 6 lane hopped before recording, identities now ambiguous.",,,,,,,,,
20250729,14:19,SM-S TC Blue-Shock CC Tr4 Block 2,SM-S,CC,TC-4,2,1,CC,2025_07_29_14_19_02_trial_1_TC,20250721,6,11.75,NA,Olympic-A,ZK,,,,,,,,,,,,,,,,
20250730,10:05,GD TC Blue-Shock CC Tr5-trapped Block 3,GD-2,CC,TC-5,3,2,CC,2025_07_30_10_05_58_trial_1_TC,20250721,6,11.75,NA,Milled-1,ZK,,,,,,,,,,,,,,,,
20250730,10:17,GD TC Blue-Shock CC Tr2 Block 3,GD-2,CC,TC-2,3,2,CC,2025_07_30_10_17_02_trial_1_TC,20250721,6,11.75,NA,Olympic-A,ZK,,,,,,,,,,,,,,,,
20250730,10:33,GD TC Blue-Shock CC Tr3 Block 3,GD-2,CC,TC-3,3,2,CC,2025_07_30_10_33_39_trial_1_TC,20250721,6,11.75,NA,Olympic-A,ZK,,,,,,,,,,,,,,,,
20250730,12:09,SM-S TC Blue-Shock CC Tr4 Block 3,SM-S,CC,TC-4,3,2,CC,2025_07_30_12_09_36_trial_1_TC,20250721,6,11.75,NA,Olympic-A,ZK,,,,,,,Intended run forgot to clip electrode on; ran properly 83 minutes later. Old file is 2025_07_30_10_47_05_trial_1_TC,,,,,,,,,
20250730,14:28,GD TC Blue-Shock CC Tr5-trapped Block 4,GD-2,CC,TC-5,4,2,CC,2025_07_30_14_28_11_trial_1_TC,20250721,6,11.75,NA,Milled-1,ZK,,,,,,,This series of blocks started a bit late cause I was soldering Milled-2.,,,,,,,,,
20250730,14:45,GD TC Blue-Shock CC Tr2 Block 4,GD-2,CC,TC-2,4,2,CC,2025_07_30_14_45_13_trial_1_TC,20250721,6,11.75,NA,Milled-2,ZK,,,,,,,"Switched from Olympic-A to Milled-2 for Tr2,3,4. No indicator (add in later today/tomorrow morning). Accidentally started without electrodes, few seconds of blue shock before terminated.",,,,,,,,,
20250730,14:55,GD TC Blue-Shock CC Tr3 Block 4,GD-2,CC,TC-3,4,2,CC,2025_07_30_14_55_13_trial_1_TC,20250721,6,11.75,NA,Milled-2,ZK,,,,,,,"Switched from Olympic-A to Milled-2 for Tr2,3,4. No indicator.",,,,,,,,,
20250730,15:09,SM-S TC Blue-Shock CC Tr4 Block 4,SM-S,CC,TC-4,4,2,CC,2025_07_30_15_09_06_trial_1_TC,20250721,6,11.75,NA,Milled-2,ZK,,,,,,,"Switched from Olympic-A to Milled-2 for Tr2,3,4. No indicator. After trial 2, worm 6 pushed back into trough w paint brush.",,,,,,,,,
20250731,10:22,GD TC Blue-Shock CC Tr5-trapped Block 5,GD-2,CC,TC-5,5,3,CC,2025_07_31_10_22_50_trial_1_TC,20250721,6,11.75,NA,Milled-1,ZK,,,,,,,"Construction/moving out in lab space caused loud noise, maybe vibrations for morning runs.",,,,,,,,,
20250731,10:41,GD TC Blue-Shock CC Tr2 Block 5,GD-2,CC,TC-2,5,3,CC,2025_07_31_10_41_11_trial_1_TC,20250721,6,11.75,NA,Milled-2,ZK,,,,,,,"Construction/moving out in lab space caused loud noise, maybe vibrations for morning runs.",,,,,,,,,
20250731,10:53,GD TC Blue-Shock CC Tr3 Block 5,GD-2,CC,TC-3,5,3,CC,2025_07_31_10_53_00_trial_1_TC,20250721,6,11.75,NA,Milled-2,ZK,,,,,,,"Construction/moving out in lab space caused loud noise, maybe vibrations for morning runs. 2 and 4 mixed up, could not track which from video, so individual data is questionable after this block for this troupe.",,,,,,,,,
20250731,11:12,SM-S TC Blue-Shock CC Tr4 Block 5,SM-S,CC,TC-4,5,3,CC,2025_07_31_11_12_19_trial_1_TC,20250721,6,11.75,NA,Milled-2,ZK,,,,,,,"Construction/moving out in lab space caused loud noise, maybe vibrations for morning runs.",,,,,,,,,
20250731,14:11,GD TC Blue-Shock CC Tr5-trapped Block 6,GD-2,CC,TC-5,6,3,CC,2025_07_31_14_11_02_trial_1_TC,20250721,6,11.75,NA,Milled-1,ZK,,,,,,,,,,,,,,,,
20250731,14:23,GD TC Blue-Shock CC Tr2 Block 6,GD-2,CC,TC-2,6,3,CC,2025_07_31_14_23_01_trial_1_TC,20250721,6,11.75,NA,Milled-2,ZK,,,,,,,,,,,,,,,,
20250731,14:41,GD TC Blue-Shock CC Tr3 Block 6,GD-2,CC,TC-3,6,3,CC,2025_07_31_14_40_54_trial_1_TC,20250721,6,11.75,NA,Milled-2,ZK,,,,,,,"Accidentally ran without electrodes again :( Old file, no electrodes: 2025_07_31_14_35_43_trial_1_TC",,,,,,,,,
20250731,14:51,SM-S TC Blue-Shock CC Tr4 Block 6,SM-S,CC,TC-4,6,3,CC,2025_07_31_14_51_01_trial_1_TC,20250721,6,11.75,NA,Milled-2,ZK,,,,,,,,,,,,,,,,
20250801,9:47,GD TC Blue-Shock CC Tr5-trapped Block 7,GD-2,CC,TC-5,7,4,CC,2025_08_01_09_47_24_trial_1_TC,20250721,6,11.75,NA,Milled-1,ZK,,,,,,,,,,,,,,,,
20250801,9:57,GD TC Blue-Shock CC Tr2 Block 7,GD-2,CC,TC-2,7,4,CC,2025_08_01_09_57_03_trial_1_TC,20250721,6,11.75,NA,Milled-2,ZK,,,,,,,,,,,,,,,,
20250801,10:08,GD TC Blue-Shock CC Tr3 Block 7,GD-2,CC,TC-3,7,4,CC,2025_08_01_10_08_20_trial_1_TC,20250721,6,11.75,NA,Milled-2,ZK,,,,,,,,,,,,,,,,
20250801,10:19,SM-S TC Blue-Shock CC Tr4 Block 7,SM-S,CC,TC-4,7,4,CC,2025_08_01_10_19_05_trial_1_TC,20250721,6,11.75,NA,Milled-2,ZK,,,,,,,,,,,,,,,,
20250801,14:07,GD TC Blue-Shock CC Tr5-trapped Block 8,GD-2,CC,TC-5,8,4,CC,2025_08_01_14_07_09_trial_1_TC,20250721,6,11.75,NA,Milled-1,ZK,,,,,,,,,,,,,,,,
20250801,14:17,GD TC Blue-Shock CC Tr2 Block 8,GD-2,CC,TC-2,8,4,CC,2025_08_01_14_17_03_trial_1_TC,20250721,6,11.75,NA,Milled-2,ZK,,,,,,,,,,,,,,,,
20250801,14:33,GD TC Blue-Shock CC Tr3 Block 8,GD-2,CC,TC-3,8,4,CC,2025_08_01_14_33_13_trial_1_TC,20250721,6,11.75,NA,Milled-2,ZK,,,,,,,,,,,,,,,,
20250801,14:45,SM-S TC Blue-Shock CC Tr4 Block 8,SM-S,CC,TC-4,8,4,CC,2025_08_01_14_45_36_trial_1_TC,20250721,6,11.75,NA,Milled-2,ZK,,,,,,,,,,,,,,,,
,,,,,,,,,,,,,,,,,,,,,,,,,,,,,,,
20250916,10:23,GD TC Blue-Shock PC Tr1 Block 1,GD-2,PC,TP-1,1,1,PC,2025_09_16_10_23_00_trial_1_TP,20250908,6,11.91,NA,Milled-2,ZK,,X,,,,,"Trial 3 had dim light, fixed by fiddling with connections after end of run.",,,,,,,,,
20250916,11:16,GD TC Blue-Shock PC Tr2 Block 1,GD-2,PC,TP-2,1,1,PC,Footage not saved ,20250908,6,11.91,NA,Milled-2,ZK,,NA,,,,,Did not have save video setting enabled. RIP.,,,,,,,,,
20250916,11:33,GD-MI TC Blue-Shock TC-MI-1 Block 1,GD-MI,CC,TC-MI-1,1,1,CC,2025_09_16_11_30_40_trial_1_TC,20250908,6,11.91,NA,Milled-2,ZK,,X,,,,,,,,,,,,,,
20250916,15:06,GD TC Blue-Shock PC Tr1 Block 2,GD-2,PC,TP-1,2,1,PC,2025_09_16_15_06_14_trial_1_TP,20250908,6,11.91,NA,Milled-2,ZK,,X,,,,,,,,,,,,,,
20250916,14:48,GD TC Blue-Shock PC Tr2 Block 2,GD-2,PC,TP-2,2,1,PC,2025_09_16_14_48_45_trial_1_TP,20250908,6,11.91,NA,Milled-2,ZK,,X,,,,,Ran this one first; chronology break not an error.,,,,,,,,,
20250916,15:21,GD-MI TC Blue-Shock TC-MI-1 Block 2,GD-MI,CC,TC-MI-1,2,1,CC,2025_09_16_15_21_23_trial_1_TC,20250908,6,11.91,NA,Milled-2,ZK,,X,,,,,,,,,,,,,,
20250917,10:18,GD TC Blue-Shock PC Tr1 Block 3,GD-2,PC,TP-1,3,2,PC,2025_09_17_10_18_16_trial_1_TP,20250908,6,11.91,NA,Milled-2,ZK,,,,,,,"Shock indicator connection broke post, during cleanup - resoldered before next troupe.",,,,,,,,,
20250917,10:40,GD TC Blue-Shock PC Tr2 Block 3,GD-2,PC,TP-2,3,2,PC,2025_09_17_10_40_29_trial_1_TP,20250908,6,11.91,NA,Milled-2,ZK,,,,,,,,,,,,,,,,
20250917,10:54,GD-MI TC Blue-Shock TC-MI-1 Block 3,GD-MI,CC,TC-MI-1,3,2,CC,2025_09_17_10_54_13_trial_1_TC,20250908,6,11.91,NA,Milled-2,ZK,,,,,,,,,,,,,,,,
20250917,14:23,GD TC Blue-Shock PC Tr1 Block 4,GD-2,PC,TP-1,4,2,PC,2025_09_17_14_23_27_trial_1_TP,20250908,6,11.91,NA,Milled-2,ZK,,,,,,,,,,,,,,,,
20250917,14:39,GD TC Blue-Shock PC Tr2 Block 4,GD-2,PC,TP-2,4,2,PC,2025_09_17_14_39_26_trial_1_TP,20250908,6,11.91,NA,Milled-2,ZK,,,,,,,,,,,,,,,,
20250917,14:52,GD-MI TC Blue-Shock TC-MI-1 Block 4,GD-MI,CC,TC-MI-1,4,2,CC,2025_09_17_14_52_34_trial_1_TC,20250908,6,11.91,NA,Milled-2,ZK,,,,,,,,,,,,,,,,
20250918,10:11,GD TC Blue-Shock PC Tr1 Block 5,GD-2,PC,TP-1,5,3,PC,2025_09_18_10_11_39_trial_1_TP,20250908,6,11.91,NA,Milled-2,ZK,,,,,,,,,,,,,,,,
20250918,10:24,GD TC Blue-Shock PC Tr2 Block 5,GD-2,PC,TP-2,5,3,PC,2025_09_18_10_24_57_trial_1_TP,20250908,6,11.91,NA,Milled-2,ZK,,,,,,,,,,,,,,,,
20250918,10:38,GD-MI TC Blue-Shock TC-MI-1 Block 5,GD-MI,CC,TC-MI-1,5,3,CC,2025_09_18_10_38_29_trial_1_TC,20250908,6,11.91,NA,Milled-2,ZK,,,,,,,"Worm 1 not in its well, two worms in Well 3. Looked back at footage and Worm 1 larger than 3, so identified larger worm in Well 3 as Worm 1.",,,,,,,,,
20250918,14:20,GD TC Blue-Shock PC Tr1 Block 6,GD-2,PC,TP-1,6,3,PC,2025_09_18_14_20_24_trial_1_TP,20250908,6,11.91,NA,Milled-2,ZK,,,,,,,,,,,,,,,,
20250918,14:34,GD TC Blue-Shock PC Tr2 Block 6,GD-2,PC,TP-2,6,3,PC,2025_09_18_14_34_09_trial_1_TP,20250908,6,11.91,NA,Milled-2,ZK,,,,,,,,,,,,,,,,
20250918,14:47,GD-MI TC Blue-Shock TC-MI-1 Block 6,GD-MI,CC,TC-MI-1,6,3,CC,2025_09_18_14_47_35_trial_1_TC,20250908,6,11.91,NA,Milled-2,ZK,,,,,,,,,,,,,,,,
20250919,10:16,GD TC Blue-Shock PC Tr1 Block 7,GD-2,PC,TP-1,7,4,PC,2025_09_19_10_16_22_trial_1_TP,20250908,6,11.91,NA,Milled-2,ZK,,X,,,,,,,,,,,,,,
20250919,10:27,GD TC Blue-Shock PC Tr2 Block 7,GD-2,PC,TP-2,7,4,PC,2025_09_19_10_27_01_trial_1_TP,20250908,6,11.91,NA,Milled-2,ZK,,X,,,,,,,,,,,,,,
20250919,10:41,GD-MI TC Blue-Shock TC-MI-1 Block 7,GD-MI,CC,TC-MI-1,7,4,CC,2025_09_19_10_41_07_trial_1_TC,20250908,6,11.91,NA,Milled-2,ZK,,X,,,,,,,,,,,,,,
20250919,13:34,GD TC Blue-Shock PC Tr1 Block 8,GD-2,PC,TP-1,8,4,PC,2025_09_19_13_34_06_trial_1_TP,20250908,6,11.91,NA,Milled-2,ZK,,X,,,,,,,,,,,,,,
20250919,13:43,GD TC Blue-Shock PC Tr2 Block 8,GD-2,PC,TP-2,8,4,PC,2025_09_19_13_43_41_trial_1_TP,20250908,6,11.91,NA,Milled-2,ZK,,X,,,,,"Worm 5 was missing, found on lid a moment later (before start), ran with everyone else.",,,,,,,,,
20250919,13:53,GD-MI TC Blue-Shock TC-MI-1 Block 8,GD-MI,CC,TC-MI-1,8,4,CC,2025_09_19_13_53_26_trial_1_TC,20250908,6,11.91,NA,Milled-2,ZK,,X,,,,,,,,,,,,,,
,,,,,,,,,,,,,,,,,,,,,,,,,,,,,,,
20251014,10:25,GD TC Blue-Shock CC Tr6 Block 1,GD-2,CC,TC-6,1,1,CC,2025_10_14_10_25_19_trial_1_TC,20251006,6,11.91,NA,Milled-2,ZK,,,0,,1800-2040,,All runs in this chunk of data contain intact intertrial footage. (20251014 - 20251017),,,,,,,,,
20251014,10:35,GD TC Blue-Shock CC Tr7 Block 1,GD-2,CC,TC-7,1,1,CC,2025_10_14_10_35_03_trial_1_TC,20251006,6,11.91,NA,Milled-2,ZK,,,0,,"2-99,1899-2040",,"Note that several runs here have weird video footage caused by buffer emptying bugs in the code. There are black frames inserted haphazardly into the footage; HOWEVER, the non-black footage is continuous and scoring can be done just fine. It's a stylistic and cleanliness problem, but not a data integrity problem. Also, there are addendums to several videos that show a repeat of the third trial, giving the illusion of four stimulu per trial, not three.",,,,,,,,,
20251014,10:47,GD TC Blue-Shock PC Tr3 Block 1,GD-2,PC,TP-3,1,1,PC,2025_10_14_10_47_52_trial_1_TP,20251006,6,11.91,NA,Milled-2,ZK,,,0,,"2-198, 1998-2040",,,,,,,,,,,
20251014,11:01,GD TC Blue-Shock PC Tr4 Block 1,GD-2,PC,TP-4,1,1,PC,2025_10_14_11_00_58_trial_1_TP,20251006,6,11.91,NA,Milled-2,ZK,,,0,,,,,,,,,,,,,
20251014,14:13,GD TC Blue-Shock CC Tr6 Block 2,GD-2,CC,TC-6,2,1,CC,2025_10_14_14_13_15_trial_1_TC,20251006,6,11.91,NA,Milled-2,ZK,,,0,,,,,,,,,,,,,
20251014,14:25,GD TC Blue-Shock CC Tr7 Block 2,GD-2,CC,TC-7,2,1,CC,2025_10_14_14_25_09_trial_1_TC,20251006,6,11.91,NA,Milled-2,ZK,,,0,,,,"W4 very sticky this and last run, may be GT -- had to remove with brush, may have injured (curled into ball in pre-start time). Did start slithering around after a minute.",,,,,,,,,
20251014,14:35,GD TC Blue-Shock PC Tr3 Block 2,GD-2,PC,TP-3,2,1,PC,2025_10_14_14_35_32_trial_1_TP,20251006,6,11.91,NA,Milled-2,ZK,,,0,,,,,,,,,,,,,
20251014,14:49,GD TC Blue-Shock PC Tr4 Block 2,GD-2,PC,TP-4,2,1,PC,2025_10_14_14_49_36_trial_1_TP,20251006,6,11.91,NA,Milled-2,ZK,,,0,,,,,,,,,,,,,
20251015,10:09,GD TC Blue-Shock CC Tr6 Block 3,GD-2,CC,TC-6,3,2,CC,2025_10_15_10_09_28_trial_1_TC,20251006,6,11.91,NA,Milled-2,ZK,,,,,,,"3 and 5 pooled into well 3 overnight. Used prior videos to see that 5 is longer than 3, returned longer worm to well 5.",,,,,,,,,
20251015,10:20,GD TC Blue-Shock CC Tr7 Block 3,GD-2,CC,TC-7,3,2,CC,2025_10_15_10_20_58_trial_1_TC,20251006,6,11.91,NA,Milled-2,ZK,,,,,,,,,,,,,,,,
20251015,10:37,GD TC Blue-Shock PC Tr3 Block 3,GD-2,PC,TP-3,3,2,PC,2025_10_15_10_37_01_trial_1_TP,20251006,6,11.91,NA,Milled-2,ZK,,,,,,,,,,,,,,,,
20251015,10:52,GD TC Blue-Shock PC Tr4 Block 3,GD-2,PC,TP-4,3,2,PC,2025_10_15_10_52_34_trial_1_TP,20251006,6,11.91,NA,Milled-2,ZK,,,,,,,,,,,,,,,,
20251015,14:16,GD TC Blue-Shock CC Tr6 Block 4,GD-2,CC,TC-6,4,2,CC,2025_10_15_14_16_21_trial_1_TC,20251006,6,11.91,NA,Milled-2,ZK,,,,,,,,,,,,,,,,
20251015,14:30,GD TC Blue-Shock CC Tr7 Block 4,GD-2,CC,TC-7,4,2,CC,2025_10_15_14_30_16_trial_1_TC,20251006,6,11.91,NA,Milled-2,ZK,,,,,,,,,,,,,,,,
20251015,14:43,GD TC Blue-Shock PC Tr3 Block 4,GD-2,PC,TP-3,4,2,PC,2025_10_15_14_43_14_trial_1_TP,20251006,6,11.91,NA,Milled-2,ZK,,,,,,,,,,,,,,,,
20251015,14:57,GD TC Blue-Shock PC Tr4 Block 4,GD-2,PC,TP-4,4,2,PC,2025_10_15_14_57_00_trial_1_TP,20251006,6,11.91,NA,Milled-2,ZK,,,,,,,,,,,,,,,,
20251016,9:59,GD TC Blue-Shock CC Tr6 Block 5,GD-2,CC,TC-6,5,3,CC,2025_10_16_09_59_15_trial_1_TC,20251006,6,11.91,NA,Milled-2,ZK,,,,,,,,,,,,,,,,
20251016,10:10,GD TC Blue-Shock CC Tr7 Block 5,GD-2,CC,TC-7,5,3,CC,2025_10_16_10_10_37_trial_1_TC,20251006,6,11.91,NA,Milled-2,ZK,,,,,,,,,,,,,,,,
20251016,10:24,GD TC Blue-Shock PC Tr3 Block 5,GD-2,PC,TP-3,5,3,PC,2025_10_16_10_24_06_trial_1_TP,20251006,6,11.91,NA,Milled-2,ZK,,,,,,,,,,,,,,,,
20251016,10:37,GD TC Blue-Shock PC Tr4 Block 5,GD-2,PC,TP-4,5,3,PC,2025_10_16_10_37_16_trial_1_TP,20251006,6,11.91,NA,Milled-2,ZK,,,,,,,,,,,,,,,,
20251016,14:12,GD TC Blue-Shock CC Tr6 Block 6,GD-2,CC,TC-6,6,3,CC,2025_10_16_14_12_17_trial_1_TC,20251006,6,11.91,NA,Milled-2,ZK,,,,,,,,,,,,,,,,
20251016,14:28,GD TC Blue-Shock CC Tr7 Block 6,GD-2,CC,TC-7,6,3,CC,2025_10_16_14_28_16_trial_1_TC,20251006,6,11.91,NA,Milled-2,ZK,,,,,,,,,,,,,,,,
20251016,14:48,GD TC Blue-Shock PC Tr3 Block 6,GD-2,PC,TP-3,6,3,PC,2025_10_16_14_48_01_trial_1_TP,20251006,6,11.91,NA,Milled-2,ZK,,,,,,,"Shock indicator lost connection during cleanup after this trial. Re-soldered, passed the shock toggle test, proceeded.",,,,,,,,,
20251016,15:00,GD TC Blue-Shock PC Tr4 Block 6,GD-2,PC,TP-4,6,3,PC,2025_10_16_15_00_56_trial_1_TP,20251006,6,11.91,NA,Milled-2,ZK,,,,,,,,,,,,,,,,
20251017,10:05,GD TC Blue-Shock CC Tr6 Block 7,GD-2,CC,TC-6,7,4,CC,2025_10_17_10_05_03_trial_1_TC,20251006,6,11.91,NA,Milled-2,ZK,,,0,,,,,,,,,,,,,
20251017,10:18,GD TC Blue-Shock CC Tr7 Block 7,GD-2,CC,TC-7,7,4,CC,2025_10_17_10_18_17_trial_1_TC,20251006,6,11.91,NA,Milled-2,ZK,,,0,,,,,,,,,,,,,
20251017,10:34,GD TC Blue-Shock PC Tr3 Block 7,GD-2,PC,TP-3,7,4,PC,2025_10_17_10_34_57_trial_1_TP,20251006,6,11.91,NA,Milled-2,ZK,,,0,,,,,,,,,,,,,
20251017,10:47,GD TC Blue-Shock PC Tr4 Block 7,GD-2,PC,TP-4,7,4,PC,2025_10_17_10_48_37_trial_1_TP,20251006,6,11.91,NA,Milled-2,ZK,,,0,,,,"Dropped TP-4’s first worm into the second’s lane when removing after AM trials. When scoring, do check that the sizes are consistent across AM and PM for Worms 1 and 2 in TP-4.",,,,,,,,,
20251017,14:18,GD TC Blue-Shock CC Tr6 Block 8,GD-2,CC,TC-6,8,4,CC,2025_10_17_14_18_23_trial_1_TC,20251006,6,11.91,NA,Milled-2,ZK,,,0,,,,,,,,,,,,,
20251017,14:30,GD TC Blue-Shock CC Tr7 Block 8,GD-2,CC,TC-7,8,4,CC,2025_10_17_14_30_05_trial_1_TC,20251006,6,11.91,NA,Milled-2,ZK,,,0,,,,,,,,,,,,,
20251017,14:45,GD TC Blue-Shock PC Tr3 Block 8,GD-2,PC,TP-3,8,4,PC,2025_10_17_14_45_34_trial_1_TP,20251006,6,11.91,NA,Milled-2,ZK,,,0,,,,,,,,,,,,,
20251017,14:54,GD TC Blue-Shock PC Tr4 Block 8,GD-2,PC,TP-4,8,4,PC,2025_10_17_14_54_47_trial_1_TP,20251006,6,11.91,NA,Milled-2,ZK,,,0,,1801-2040,,,,,,,,,,,