Run,group_day,Trough,BlockNum,BlockType,Trial,W1,W2,W3,W4,W5,W6,,,,,
2025_02_06_09_50_08_trial_1_LO,R1_1,Milled trough + attached electrodes,1,LO,1,0,0,0,0,-1,-1,,,,,
,,20 trialsĘ,1,LO,2,0,0,0,0,0,0,,,,,
,,20s ITI,1,LO,3,0,0,0,-1,1,0,,,,,
,,All CRs are turns or contractions,1,LO,4,0,0,0,-1,0,0,,,,,
,,CC High,1,LO,5,0,0,0,0,0,0,,,,,
,,,1,LO,6,0,0,1,1,0,0,,,,,
,,,1,LO,7,0,0,0,-1,0,0,,,,,
,,,1,LO,8,0,0,0,0,0,0,,,,,
,,,1,LO,9,0,0,0,0,0,0,,,,,
,,,1,LO,10,0,0,0,0,0,-1,,,,,
,,,1,LO,11,0,0,0,1,0,0,,,,,
,,,1,LO,12,0,0,0,0,0,0,,,,,
,,,1,LO,13,0,0,0,0,0,0,,,,,
,,,1,LO,14,0,0,0,0,0,0,,,,,
,,,1,LO,15,0,0,0,0,0,0,,,,,
,,,1,LO,16,0,0,0,0,0,0,,,,,
,,,1,LO,17,0,0,0,0,0,0,,,,,
,,,1,LO,18,0,0,0,0,0,0,,,,,
,,,1,LO,19,0,0,0,0,0,0,,,,,
,,,1,LO,20,0,0,0,0,0,0,,,,,
,,,1,LO,21,0,0,0,0,-1,0,,,,,
,,,1,LO,22,-1,0,0,0,0,0,,,,,
,,,1,LO,23,0,0,-1,0,0,0,,,,,
,,,1,LO,24,0,0,0,0,0,0,,,,,
,,,1,LO,25,0,0,0,0,0,0,,,,,
2025_02_06_10_10_21_trial_1_LO,R1_1,Milled trough + attached electrodes,2,LO,1,0,0,0,0,-1,-1,,,,,
,,20 trialsĘ,2,LO,2,0,0,0,0,0,0,,,,,
,,20s ITI,2,LO,3,0,0,0,0,-1,-1,,,,,
,,All CRs are turns or contractions,2,LO,4,0,0,0,0,-1,-1,,,,,
,,CC High,2,LO,5,0,0,0,0,0,0,,,,,
,,,2,LO,6,0,0,0,0,0,0,,,,,
,,,2,LO,7,0,0,0,0,-1,0,,,,,
,,,2,LO,8,0,0,0,0,0,0,,,,,
,,,2,LO,9,0,0,0,0,0,-1,,,,,
,,,2,LO,10,0,0,0,0,0,0,,,,,
,,,2,LO,11,0,0,0,0,0,0,,,,,
,,,2,LO,12,0,0,0,0,0,0,,,,,
,,,2,LO,13,0,0,0,0,-1,0,,,,,
,,,2,LO,14,0,0,0,0,0,-1,,,,,
,,,2,LO,15,0,0,0,0,-1,0,,,,,
,,,2,LO,16,0,0,0,0,0,0,,,,,
,,,2,LO,17,0,0,0,0,0,0,,,,,
,,,2,LO,18,0,1,0,0,0,0,,,,,
,,,2,LO,19,0,0,0,0,0,-1,,,,,
,,,2,LO,20,0,0,0,-1,0,0,,,,,
,,,2,LO,21,-1,0,0,0,0,0,,,,,
,,,2,LO,22,0,0,0,0,-1,-1,,,,,
,,,2,LO,23,0,0,0,0,0,0,,,,,
,,,2,LO,24,0,0,0,0,0,0,,,,,
,,,2,LO,25,0,0,0,0,0,0,,,,,
2025_02_06_10_31_37_trial_1_CC,R1_1,Milled trough + attached electrodes,3,CC,1,1,0,1,0,1,1,,,,,
,,20 trialsĘ,3,CC,2,1,0,0,1,0,0,,,,,
,,20s ITI,3,CC,3,1,1,1,0,0,1,,,,,
,,All CRs are turns or contractions,3,CC,4,0,0,1,1,-1,0,,,,,
,,CC High,3,CC,5,0,1,0,1,1,1,,,,,
,,,3,CC,6,-1,1,1,1,1,1,,,,,
,,,3,CC,7,0,0,1,1,1,1,,,,,
,,,3,CC,8,1,0,1,-1,1,-1,,,,,
,,,3,CC,9,1,0,1,1,1,-1,,,,,
,,,3,CC,10,1,0,-1,0,1,0,,,,,
,,,3,CC,11,1,0,0,0,1,0,,,,,
,,,3,CC,12,0,0,0,0,1,0,,,,,
,,,3,CC,13,1,0,0,1,1,0,,,,,
,,,3,CC,14,0,0,0,1,1,0,,,,,
,,,3,CC,15,1,0,0,1,1,0,,,,,
,,,3,CC,16,1,0,0,1,1,0,,,,,
,,,3,CC,17,1,1,0,1,0,0,,,,,
,,,3,CC,18,1,1,0,0,0,0,,,,,
,,,3,CC,19,1,1,0,0,1,0,,,,,
,,,3,CC,20,0,1,0,1,0,0,,,,,
,,,3,CC,21,0,1,0,1,1,0,,,,,
,,,3,CC,22,0,1,0,1,0,0,,,,,
,,,3,CC,23,1,1,0,0,0,0,,,,,
,,,3,CC,24,1,1,0,1,1,0,,,,,
,,,3,CC,25,0,1,0,0,1,0,,,,,
2025_02_06_10_51_47_trial_1_CC,R1_1,Milled trough + attached electrodes,4,CC,1,0,0,0,0,1,0,,,,,
,,20 trialsĘ,4,CC,2,0,0,0,0,0,0,,,,,
,,20s ITI,4,CC,3,1,0,0,0,0,0,,,,,
,,All CRs are turns or contractions,4,CC,4,0,0,0,0,0,0,,,,,
,,CC High,4,CC,5,0,0,0,0,1,0,,,,,
,,,4,CC,6,0,0,0,0,0,0,,,,,
,,,4,CC,7,1,0,0,0,0,0,,,,,
,,,4,CC,8,1,0,1,0,1,0,,,,,
,,,4,CC,9,0,0,1,0,0,0,,,,,
,,,4,CC,10,0,0,1,0,0,0,,,,,
,,,4,CC,11,1,0,0,0,1,0,,,,,
,,,4,CC,12,0,0,1,0,0,0,,,,,
,,,4,CC,13,1,0,0,0,1,0,,,,,
,,,4,CC,14,0,0,1,0,1,0,,,,,
,,,4,CC,15,1,0,1,0,1,0,,,,,
,,,4,CC,16,1,0,1,0,1,0,,,,,
,,,4,CC,17,0,0,1,0,1,0,,,,,
,,,4,CC,18,0,0,1,0,1,0,,,,,
,,,4,CC,19,0,0,1,0,1,0,,,,,
,,,4,CC,20,0,0,1,0,0,0,,,,,
,,,4,CC,21,0,0,0,0,1,0,,,,,
,,,4,CC,22,0,0,1,0,1,0,,,,,
,,,4,CC,23,0,0,1,0,1,0,,,,,
,,,4,CC,24,0,0,0,0,1,0,,,,,
,,,4,CC,25,0,0,1,0,1,0,,,,,
2025_02_06_12_02_28_trial_1_LO,R2_1,Milled trough + attached electrodes,1,LO,1,0,0,0,0,0,-1,,,,,
,,20 trialsĘ,1,LO,2,0,0,0,0,0,-1,,,,,
,,20s ITI,1,LO,3,0,0,0,0,0,-1,,,,,
,,All CRs are turns or contractions,1,LO,4,0,0,0,0,0,0,,,,,
,,PC High,1,LO,5,0,0,0,0,0,1,,,,,
,,,1,LO,6,0,0,0,0,0,-1,,,,,
,,,1,LO,7,0,-1,0,0,-1,-1,,,,,
,,,1,LO,8,0,0,0,0,0,0,,,,,
,,,1,LO,9,0,0,0,0,0,0,,,,,
,,,1,LO,10,0,0,0,0,0,0,,,,,
,,,1,LO,11,0,-1,0,-1,0,0,,,,,
,,,1,LO,12,0,0,0,0,0,0,,,,,
,,,1,LO,13,0,0,0,0,0,0,,,,,
,,,1,LO,14,0,0,0,0,0,0,,,,,
,,,1,LO,15,0,0,0,0,0,0,,,,,
,,,1,LO,16,0,0,0,0,0,0,,,,,
,,,1,LO,17,0,0,0,0,-1,0,,,,,
,,,1,LO,18,0,0,-1,0,0,0,,,,,
,,,1,LO,19,0,0,0,0,0,0,,,,,
,,,1,LO,20,0,0,0,0,0,0,,,,,
,,,1,LO,21,0,0,0,0,0,0,,,,,
,,,1,LO,22,0,0,0,-1,-1,0,,,,,
,,,1,LO,23,0,-1,0,0,0,0,,,,,
,,,1,LO,24,0,0,0,0,-1,0,,,,,
,,,1,LO,25,0,0,0,0,0,0,,,,,
2025_02_06_12_22_35_trial_1_LO,R2_1,Milled trough + attached electrodes,2,LO,1,0,0,0,0,0,0,,,,,
,,20 trialsĘ,2,LO,2,0,0,0,0,0,0,,,,,
,,20s ITI,2,LO,3,0,0,0,0,0,0,,,,,
,,All CRs are turns or contractions,2,LO,4,0,0,0,0,0,0,,,,,
,,PC High,2,LO,5,0,0,0,1,0,0,,,,,
,,,2,LO,6,0,0,0,0,0,0,,,,,
,,,2,LO,7,0,0,-1,0,0,0,,,,,
,,,2,LO,8,0,0,1,0,0,0,,,,,
,,,2,LO,9,0,-1,0,0,0,0,,,,,
,,,2,LO,10,0,0,0,0,0,0,,,,,
,,,2,LO,11,0,0,0,0,0,0,,,,,
,,,2,LO,12,0,0,0,0,0,0,,,,,
,,,2,LO,13,0,0,0,-1,0,0,,,,,
,,,2,LO,14,0,0,0,0,0,0,,,,,
,,,2,LO,15,0,0,0,0,0,0,,,,,
,,,2,LO,16,0,0,0,0,0,0,,,,,
,,,2,LO,17,0,0,-1,0,0,0,,,,,
,,,2,LO,18,0,0,1,0,0,0,,,,,
,,,2,LO,19,0,0,0,0,0,0,,,,,
,,,2,LO,20,0,0,0,0,0,0,,,,,
,,,2,LO,21,0,0,0,0,0,0,,,,,
,,,2,LO,22,0,0,0,0,0,0,,,,,
,,,2,LO,23,0,0,0,0,0,0,,,,,
,,,2,LO,24,0,0,0,0,0,0,,,,,
,,,2,LO,25,0,0,0,0,0,0,,,,,
2025_02_06_12_42_27_trial_1_PC,R2_1,Milled trough + attached electrodes,3,PC,1,0,0,0,0,0,0,,,,,
,,20 trialsĘ,3,PC,2,0,1,0,0,0,0,,,,,
,,20s ITI,3,PC,3,0,0,0,0,0,0,,,,,
,,0 = no response,3,PC,4,0,0,0,0,-1,-1,,,,,
,,1 = head turn,3,PC,5,0,-1,0,0,0,0,,,,,
,,2 = contraction,3,PC,6,0,0,1,0,-1,0,,,,,
,,3 = contraction + turnĘ,3,PC,7,-1,-1,0,-1,0,0,,,,,
,,X = quiescent,3,PC,8,0,0,0,0,0,0,,,,,
,,"H = hidden, occluded",3,PC,9,0,0,0,0,0,0,,,,,
,,,3,PC,10,0,0,0,0,0,0,,,,,
,,,3,PC,11,0,0,0,0,0,-1,,,,,
,,,3,PC,12,0,0,0,0,0,0,,,,,
,,,3,PC,13,0,0,0,0,0,0,,,,,
,,,3,PC,14,0,0,0,0,0,0,,,,,
,,,3,PC,15,0,0,0,0,0,0,,,,,
,,,3,PC,16,0,0,0,0,0,0,,,,,
,,,3,PC,17,0,0,0,0,0,0,,,,,
,,,3,PC,18,0,0,0,0,0,0,,,,,
,,,3,PC,19,0,0,0,0,0,0,,,,,
,,,3,PC,20,0,0,0,0,0,0,,,,,
,,,3,PC,21,0,0,0,0,0,0,,,,,
,,,3,PC,22,0,0,0,0,0,0,,,,,
,,,3,PC,23,0,0,0,0,0,0,,,,,
,,,3,PC,24,0,0,0,0,0,0,,,,,
,,,3,PC,25,0,0,0,0,0,0,,,,,
2025_02_06_13_01_53_trial_1_PC,R2_1,Milled trough + attached electrodes,4,PC,1,0,0,0,0,0,0,,,,,
,,20 trialsĘ,4,PC,2,0,0,0,0,0,0,,,,,
,,20s ITI,4,PC,3,0,0,0,0,0,0,,,,,
,,0 = no response,4,PC,4,0,0,0,0,0,0,,,,,
,,1 = head turn,4,PC,5,0,0,0,0,0,0,,,,,
,,2 = contraction,4,PC,6,0,0,0,0,0,0,,,,,
,,3 = contraction + turnĘ,4,PC,7,0,0,0,0,0,0,,,,,
,,X = quiescent,4,PC,8,0,0,0,0,0,0,,,,,
,,"H = hidden, occluded",4,PC,9,0,0,0,0,0,0,,,,,
,,,4,PC,10,0,0,0,0,0,0,,,,,
,,,4,PC,11,0,0,0,0,0,0,,,,,
,,,4,PC,12,0,0,0,0,0,0,,,,,
,,,4,PC,13,0,0,0,0,0,0,,,,,
,,,4,PC,14,0,0,0,0,0,0,,,,,
,,,4,PC,15,0,0,0,0,0,0,,,,,
,,,4,PC,16,0,0,0,0,0,0,,,,,
,,,4,PC,17,0,0,0,0,0,0,,,,,
,,,4,PC,18,0,0,0,0,0,0,,,,,
,,,4,PC,19,0,0,0,0,0,0,,,,,
,,,4,PC,20,0,0,0,0,0,0,,,,,
,,,4,PC,21,0,0,0,0,0,0,,,,,
,,,4,PC,22,0,0,0,0,0,0,,,,,
,,,4,PC,23,0,0,0,0,0,0,,,,,
,,,4,PC,24,0,0,0,0,0,0,,,,,
,,,4,PC,25,0,0,0,0,0,0,,,,,
2025_02_06_14_05_11_trial_1_LO,R3_1,Milled trough + attached electrodes,1,LO,1,0,0,0,0,0,0,,,,,
,,20 trialsĘ,1,LO,2,0,0,0,0,0,0,,,,,
,,20s ITI,1,LO,3,0,0,0,0,0,0,,,,,
,,All CRs are turns or contractions,1,LO,4,0,0,0,0,0,1,,,,,
,,CC Med,1,LO,5,0,1,0,0,-1,-1,,,,,
,,,1,LO,6,0,0,0,0,0,0,,,,,
,,,1,LO,7,0,0,0,0,-1,0,,,,,
,,,1,LO,8,0,-1,0,0,0,0,,,,,
,,,1,LO,9,0,0,0,0,0,0,,,,,
,,,1,LO,10,0,0,0,0,0,0,,,,,
,,,1,LO,11,0,0,0,0,0,0,,,,,
,,,1,LO,12,0,0,0,0,0,0,,,,,
,,,1,LO,13,0,0,0,0,0,0,,,,,
,,,1,LO,14,0,-1,0,0,0,0,,,,,
,,,1,LO,15,0,0,0,0,0,0,,,,,
,,,1,LO,16,0,0,0,0,0,0,,,,,
,,,1,LO,17,0,0,0,0,0,0,,,,,
,,,1,LO,18,0,0,0,0,0,0,,,,,
,,,1,LO,19,0,1,0,0,0,0,,,,,
,,,1,LO,20,0,-1,0,0,0,0,,,,,
,,,1,LO,21,1,1,0,0,0,0,,,,,
,,,1,LO,22,-1,0,0,0,0,0,,,,,
,,,1,LO,23,0,0,0,0,0,0,,,,,
,,,1,LO,24,0,-1,0,0,0,0,,,,,
,,,1,LO,25,0,0,0,0,0,0,,,,,
2025_02_06_14_29_30_trial_1_LO,R3_1,Milled trough + attached electrodes,2,LO,1,0,0,0,0,0,0,,,,,
,,20 trialsĘ,2,LO,2,0,0,0,0,0,0,,,,,
,,20s ITI,2,LO,3,0,0,0,0,0,0,,,,,
,,All CRs are turns or contractions,2,LO,4,0,0,0,0,0,0,,,,,
,,CC Med,2,LO,5,0,0,0,0,0,0,,,,,
,,,2,LO,6,0,0,0,0,0,0,,,,,
,,,2,LO,7,0,0,0,0,0,0,,,,,
,,,2,LO,8,0,0,0,0,0,0,,,,,
,,,2,LO,9,-1,0,0,0,0,0,,,,,
,,,2,LO,10,0,0,0,0,0,0,,,,,
,,,2,LO,11,0,0,0,0,0,0,,,,,
,,,2,LO,12,0,0,0,0,0,1,,,,,
,,,2,LO,13,0,0,0,0,0,-1,,,,,
,,,2,LO,14,0,0,0,0,0,0,,,,,
,,,2,LO,15,0,0,0,0,0,0,,,,,
,,,2,LO,16,0,0,0,0,0,1,,,,,
,,,2,LO,17,0,0,0,0,0,1,,,,,
,,,2,LO,18,0,0,0,0,0,0,,,,,
,,,2,LO,19,0,0,0,0,0,0,,,,,
,,,2,LO,20,0,0,0,0,0,0,,,,,
,,,2,LO,21,0,0,0,0,0,0,,,,,
,,,2,LO,22,1,0,0,0,1,0,,,,,
,,,2,LO,23,-1,0,0,0,-1,0,,,,,
,,,2,LO,24,0,0,0,0,0,0,,,,,
,,,2,LO,25,1,0,0,0,1,1,,,,,
2025_02_06_14_50_42_trial_1_CC,R3_1,Milled trough + attached electrodes,3,CC,1,0,0,0,0,0,1,,,,,
,,20 trialsĘ,3,CC,2,1,0,0,0,0,1,,,,,
,,20s ITI,3,CC,3,1,0,0,0,0,1,,,,,
,,All CRs are turns or contractions,3,CC,4,1,0,0,0,1,0,,,,,
,,CC Med,3,CC,5,0,0,0,1,0,1,,,,,
,,,3,CC,6,1,0,0,0,0,0,,,,,
,,,3,CC,7,0,1,0,1,1,-1,,,,,
,,,3,CC,8,1,1,0,1,0,1,,,,,
,,,3,CC,9,1,1,0,1,1,1,,,,,
,,,3,CC,10,1,0,0,1,0,1,,,,,
,,,3,CC,11,1,1,0,0,1,1,,,,,
,,,3,CC,12,1,0,0,1,1,1,,,,,
,,,3,CC,13,1,1,0,-1,0,1,,,,,
,,,3,CC,14,0,0,0,1,1,1,,,,,
,,,3,CC,15,1,0,0,1,1,0,,,,,
,,,3,CC,16,1,0,0,1,0,1,,,,,
,,,3,CC,17,1,0,0,0,0,1,,,,,
,,,3,CC,18,1,0,0,1,1,1,,,,,
,,,3,CC,19,0,0,1,0,1,1,,,,,
,,,3,CC,20,0,0,1,1,1,1,,,,,
,,,3,CC,21,1,0,1,1,1,1,,,,,
,,,3,CC,22,0,0,1,1,1,1,,,,,
,,,3,CC,23,1,0,0,1,1,1,,,,,
,,,3,CC,24,1,0,0,0,0,1,,,,,
,,,3,CC,25,0,0,0,0,0,0,,,,,
2025_02_06_15_10_13_trial_1_CC,R3_1,Milled trough + attached electrodes,4,CC,1,0,0,0,0,0,0,,,,,
,,20 trialsĘ,4,CC,2,0,0,0,0,0,0,,,,,
,,20s ITI,4,CC,3,0,0,0,0,0,0,,,,,
,,All CRs are turns or contractions,4,CC,4,0,0,0,0,0,0,,,,,
,,CC Med,4,CC,5,0,0,0,0,0,0,,,,,
,,,4,CC,6,0,0,1,0,0,0,,,,,
,,,4,CC,7,0,0,0,0,0,0,,,,,
,,,4,CC,8,0,0,0,0,0,0,,,,,
,,,4,CC,9,0,0,0,0,0,0,,,,,
,,,4,CC,10,0,0,1,0,0,0,,,,,
,,,4,CC,11,0,0,1,0,0,0,,,,,
,,,4,CC,12,0,0,-1,0,0,0,,,,,
,,,4,CC,13,0,1,0,0,0,0,,,,,
,,,4,CC,14,0,1,0,0,0,0,,,,,
,,,4,CC,15,0,-1,0,0,0,0,,,,,
,,,4,CC,16,0,-1,0,0,0,0,,,,,
,,,4,CC,17,0,0,0,0,0,0,,,,,
,,,4,CC,18,0,0,0,0,0,0,,,,,
,,,4,CC,19,0,0,0,0,0,0,,,,,
,,,4,CC,20,0,0,0,0,0,0,,,,,
,,,4,CC,21,0,0,0,0,0,0,,,,,
,,,4,CC,22,0,0,0,0,0,0,,,,,
,,,4,CC,23,0,0,0,0,0,0,,,,,
,,,4,CC,24,0,0,0,0,0,0,,,,,
,,,4,CC,25,0,0,0,0,0,0,,,,,
2025_02_06_16_12_21_trial_1_LO,R4_1,Milled trough + attached electrodes,1,LO,1,0,0,0,0,0,0,,,,,
,,20 trialsĘ,1,LO,2,1,0,1,1,0,0,,,,,
,,20s ITI,1,LO,3,0,0,0,-1,0,0,,,,,
,,All CRs are turns or contractions,1,LO,4,0,0,-1,0,0,0,,,,,
,,PC Med,1,LO,5,0,0,0,0,0,0,,,,,
,,,1,LO,6,0,0,0,1,1,0,,,,,
,,,1,LO,7,1,0,0,0,0,0,,,,,
,,,1,LO,8,0,0,0,0,0,0,,,,,
,,,1,LO,9,1,0,0,0,0,0,,,,,
,,,1,LO,10,0,0,0,0,0,0,,,,,
,,,1,LO,11,0,0,0,0,0,0,,,,,
,,,1,LO,12,0,0,1,0,0,0,,,,,
,,,1,LO,13,1,0,0,0,0,0,,,,,
,,,1,LO,14,-1,0,1,0,0,0,,,,,
,,,1,LO,15,0,0,0,0,0,0,,,,,
,,,1,LO,16,0,0,0,0,0,0,,,,,
,,,1,LO,17,0,0,0,0,1,0,,,,,
,,,1,LO,18,0,0,0,0,1,0,,,,,
,,,1,LO,19,0,0,0,0,0,0,,,,,
,,,1,LO,20,0,0,0,0,1,0,,,,,
,,,1,LO,21,0,0,0,0,0,0,,,,,
,,,1,LO,22,0,0,0,0,0,-1,,,,,
,,,1,LO,23,0,0,0,0,0,0,,,,,
,,,1,LO,24,0,0,0,0,0,0,,,,,
,,,1,LO,25,0,0,0,0,0,0,,,,,
2025_02_06_16_31_42_trial_1_LO,R4_1,Milled trough + attached electrodes,2,LO,1,0,0,0,0,1,0,,,,,
,,20 trialsĘ,2,LO,2,0,0,0,0,-1,0,,,,,
,,20s ITI,2,LO,3,0,0,1,0,0,0,,,,,
,,All CRs are turns or contractions,2,LO,4,0,0,0,0,0,0,,,,,
,,PC Med,2,LO,5,0,0,0,0,0,0,,,,,
,,,2,LO,6,0,0,0,-1,0,0,,,,,
,,,2,LO,7,0,0,0,0,0,0,,,,,
,,,2,LO,8,0,1,0,-1,0,0,,,,,
,,,2,LO,9,0,0,0,-1,0,0,,,,,
,,,2,LO,10,0,-1,0,0,0,0,,,,,
,,,2,LO,11,0,0,0,0,0,0,,,,,
,,,2,LO,12,0,-1,1,0,0,0,,,,,
,,,2,LO,13,0,0,-1,0,0,0,,,,,
,,,2,LO,14,0,0,0,0,0,0,,,,,
,,,2,LO,15,0,-1,0,0,0,0,,,,,
,,,2,LO,16,0,0,0,0,0,0,,,,,
,,,2,LO,17,0,0,0,0,0,0,,,,,
,,,2,LO,18,0,0,0,0,0,0,,,,,
,,,2,LO,19,0,0,0,0,0,0,,,,,
,,,2,LO,20,0,0,0,0,0,0,,,,,
,,,2,LO,21,0,0,-1,0,0,0,,,,,
,,,2,LO,22,0,0,0,0,0,0,,,,,
,,,2,LO,23,0,0,0,0,0,0,,,,,
,,,2,LO,24,0,0,0,0,0,0,,,,,
,,,2,LO,25,0,0,0,0,0,0,,,,,
2025_02_06_16_50_44_trial_1_PC,R4_1,Milled trough + attached electrodes,3,PC,1,0,0,0,0,0,0,,,,,
,,20 trialsĘ,3,PC,2,0,0,0,0,0,0,,,,,
,,20s ITI,3,PC,3,0,0,-1,0,0,0,,,,,
,,0 = no response,3,PC,4,0,0,0,-1,0,0,,,,,
,,1 = head turn,3,PC,5,0,0,0,-1,0,0,,,,,
,,2 = contraction,3,PC,6,0,0,0,0,0,0,,,,,
,,3 = contraction + turnĘ,3,PC,7,-1,0,-1,0,-1,0,,,,,
,,X = quiescent,3,PC,8,-1,0,-1,0,0,0,,,,,
,,"H = hidden, occluded",3,PC,9,0,0,0,0,0,0,,,,,
,,,3,PC,10,0,0,-1,0,0,0,,,,,
,,,3,PC,11,0,0,0,0,1,0,,,,,
,,,3,PC,12,0,0,-1,0,-1,0,,,,,
,,,3,PC,13,0,0,0,0,0,0,,,,,
,,,3,PC,14,0,0,0,0,0,0,,,,,
,,,3,PC,15,0,0,0,0,0,0,,,,,
,,,3,PC,16,0,0,0,0,0,0,,,,,
,,,3,PC,17,0,0,0,0,0,0,,,,,
,,,3,PC,18,0,0,0,0,0,0,,,,,
,,,3,PC,19,0,0,0,0,0,0,,,,,
,,,3,PC,20,0,0,0,0,0,0,,,,,
,,,3,PC,21,0,0,0,0,0,0,,,,,
,,,3,PC,22,0,0,0,0,0,0,,,,,
,,,3,PC,23,0,0,0,0,0,0,,,,,
,,,3,PC,24,0,0,0,0,0,0,,,,,
,,,3,PC,25,0,0,0,0,0,0,,,,,
2025_02_06_17_08_51_trial_1_PC,R4_1,Milled trough + attached electrodes,4,PC,1,0,0,0,0,0,0,,,,,
,,20 trialsĘ,4,PC,2,0,0,-1,0,0,0,,,,,
,,20s ITI,4,PC,3,0,0,0,0,0,0,,,,,
,,0 = no response,4,PC,4,0,0,1,0,1,0,,,,,
,,1 = head turn,4,PC,5,0,0,0,0,0,0,,,,,
,,2 = contraction,4,PC,6,0,0,-1,0,0,0,,,,,
,,3 = contraction + turnĘ,4,PC,7,0,0,0,-1,0,0,,,,,
,,X = quiescent,4,PC,8,0,0,0,0,0,0,,,,,
,,"H = hidden, occluded",4,PC,9,0,0,0,-1,0,0,,,,,
,,,4,PC,10,0,0,0,0,0,0,,,,,
,,,4,PC,11,0,0,0,0,0,0,,,,,
,,,4,PC,12,0,0,0,0,0,0,,,,,
,,,4,PC,13,0,0,0,0,0,-1,,,,,
,,,4,PC,14,0,0,0,0,0,0,,,,,
,,,4,PC,15,0,0,0,0,0,0,,,,,
,,,4,PC,16,0,0,0,0,0,0,,,,,
,,,4,PC,17,0,0,0,0,0,0,,,,,
,,,4,PC,18,0,0,0,0,0,0,,,,,
,,,4,PC,19,0,0,0,0,0,0,,,,,
,,,4,PC,20,0,0,0,0,0,0,,,,,
,,,4,PC,21,0,0,0,0,0,0,,,,,
,,,4,PC,22,0,0,0,0,0,0,,,,,
,,,4,PC,23,0,0,0,0,0,0,,,,,
,,,4,PC,24,0,0,0,0,0,0,,,,,
,,,4,PC,25,1,0,1,1,1,1,,,,,
2025_02_07_08_21_35_trial_1_CC,R1_2,Milled trough + attached electrodes,5,CC,1,1,-1,1,1,0,1,,,,,
,,20 trialsĘ,5,CC,2,1,0,1,1,1,1,,,,,
,,20s ITI,5,CC,3,1,0,1,1,0,1,,,,,
,,All CRs are turns or contractions,5,CC,4,1,0,1,0,0,1,,,,,
,,CC High,5,CC,5,0,0,1,0,1,0,,,,,
,,,5,CC,6,1,0,1,1,-1,1,,,,,
,,,5,CC,7,0,0,1,1,0,1,,,,,
,,,5,CC,8,1,0,0,1,0,1,,,,,
,,,5,CC,9,0,1,1,1,0,0,,,,,
,,,5,CC,10,0,0,1,1,0,1,,,,,
,,2025_02_07_09_01_04_trial_1_CC,5,CC,11,1,0,1,1,1,1,,,,,
,,,5,CC,12,1,1,1,1,0,1,,,,,
,,,5,CC,13,0,0,0,0,1,0,,,,,
,,,5,CC,14,1,0,-1,0,0,0,,,,,
,,,5,CC,15,1,1,1,0,1,1,,,,,
,,,5,CC,16,1,0,0,1,0,1,,,,,
,,,5,CC,17,1,1,1,1,-1,1,,,,,
,,,5,CC,18,0,1,1,1,1,1,,,,,
,,,5,CC,19,1,0,1,0,1,0,,,,,
,,,5,CC,20,1,1,1,0,1,1,,,,,
,,,5,CC,21,1,1,0,1,1,0,,,,,
,,,5,CC,22,0,0,0,0,1,0,,,,,
,,,5,CC,23,1,0,1,1,0,1,,,,,
,,,5,CC,24,1,0,1,0,0,1,,,,,
,,,5,CC,25,0,1,1,1,0,0,,,,,
2025_02_07_08_40_53_trial_1_CC,R1_2,Milled trough + attached electrodes,6,CC,1,1,0,0,0,1,1,,,,,
,,20 trialsĘ,6,CC,2,0,0,1,1,0,0,,,,,
,,20s ITI,6,CC,3,1,0,1,1,0,0,,,,,
,,All CRs are turns or contractions,6,CC,4,0,0,0,0,0,0,,,,,
,,CC High,6,CC,5,-1,0,0,0,0,0,,,,,
,,,6,CC,6,1,0,1,1,1,0,,,,,
,,,6,CC,7,1,0,0,0,0,0,,,,,
,,,6,CC,8,0,0,1,1,1,1,,,,,
,,,6,CC,9,0,0,0,0,0,1,,,,,
,,,6,CC,10,1,0,1,1,0,1,,,,,
,,,6,CC,11,1,0,1,1,0,0,,,,,
,,,6,CC,12,0,0,1,0,0,0,,,,,
,,,6,CC,13,0,0,1,0,0,0,,,,,
,,,6,CC,14,0,0,0,0,0,0,,,,,
,,,6,CC,15,0,0,1,1,0,0,,,,,
,,,6,CC,16,1,-1,1,1,0,0,,,,,
,,,6,CC,17,1,0,1,1,0,0,,,,,
,,,6,CC,18,0,0,1,1,0,-1,,,,,
,,,6,CC,19,0,0,0,1,0,0,,,,,
,,,6,CC,20,0,0,1,0,0,0,,,,,
,,,6,CC,21,1,0,1,1,0,0,,,,,
,,,6,CC,22,1,0,1,0,0,0,,,,,
,,,6,CC,23,1,0,0,0,0,0,,,,,
,,,6,CC,24,0,0,0,1,0,-1,,,,,
,,,6,CC,25,0,0,0,0,0,0,,,,,
2025_02_07_09_01_04_trial_1_CC,R1_2,Milled trough + attached electrodes,7,CC,1,0,0,0,0,0,0,,,,,
,,20 trialsĘ,7,CC,2,0,0,0,0,0,0,,,,,
,,20s ITI,7,CC,3,0,0,0,0,0,0,,,,,
,,All CRs are turns or contractions,7,CC,4,0,0,0,0,0,0,,,,,
,,CC High,7,CC,5,0,0,0,0,0,0,,,,,
,,,7,CC,6,0,0,0,0,0,0,,,,,
,,,7,CC,7,0,0,0,0,0,0,,,,,
,,,7,CC,8,0,0,0,0,0,0,,,,,
,,,7,CC,9,0,0,0,0,0,0,,,,,
,,,7,CC,10,0,0,0,0,0,0,,,,,
,,,7,CC,11,0,0,1,0,0,0,,,,,
,,,7,CC,12,0,-1,1,0,0,0,,,,,
,,,7,CC,13,0,0,0,0,0,0,,,,,
,,,7,CC,14,0,0,0,0,0,0,,,,,
,,,7,CC,15,0,0,0,0,0,0,,,,,
,,,7,CC,16,0,0,0,0,0,0,,,,,
,,,7,CC,17,0,0,1,0,0,0,,,,,
,,,7,CC,18,0,0,1,0,0,0,,,,,
,,,7,CC,19,0,0,0,0,0,0,,,,,
,,,7,CC,20,0,0,1,1,0,0,,,,,
,,,7,CC,21,0,0,0,1,0,0,,,,,
,,,7,CC,22,0,0,0,0,0,1,,,,,
,,,7,CC,23,0,0,0,0,0,0,,,,,
,,,7,CC,24,0,0,0,0,0,0,,,,,
,,,7,CC,25,0,0,0,0,0,0,,,,,
2025_02_07_10_11_16_trial_1_PC,R2_2,Milled trough + attached electrodes,5,PC,1,0,0,0,0,0,0,,,,,
,,20 trialsĘ,5,PC,2,0,0,0,0,0,0,,,,,
,,20s ITI,5,PC,3,0,0,0,0,0,0,,,,,
,,0 = no response,5,PC,4,1,0,0,0,0,0,,,,,
,,1 = head turn,5,PC,5,1,0,0,0,0,0,,,,,
,,2 = contraction,5,PC,6,-1,0,0,0,0,0,,,,,
,,3 = contraction + turnĘ,5,PC,7,1,0,0,0,1,0,,,,,
,,X = quiescent,5,PC,8,-1,0,0,0,-1,0,,,,,
,,"H = hidden, occluded",5,PC,9,1,0,0,0,1,0,,,,,
,,,5,PC,10,-1,0,0,0,0,0,,,,,
,,,5,PC,11,0,0,0,0,0,0,,,,,
,,,5,PC,12,0,0,0,0,0,0,,,,,
,,,5,PC,13,0,0,0,0,0,0,,,,,
,,,5,PC,14,0,0,0,0,0,0,,,,,
,,,5,PC,15,0,0,0,0,0,0,,,,,
,,,5,PC,16,0,0,0,0,0,0,,,,,
,,,5,PC,17,0,0,0,0,0,0,,,,,
,,,5,PC,18,0,0,0,0,0,0,,,,,
,,,5,PC,19,0,0,0,0,0,0,,,,,
,,,5,PC,20,0,0,0,0,0,0,,,,,
,,,5,PC,21,0,0,0,0,0,0,,,,,
,,,5,PC,22,0,0,0,0,0,0,,,,,
,,,5,PC,23,0,0,0,0,0,0,,,,,
,,,5,PC,24,0,0,0,0,0,0,,,,,
,,,5,PC,25,0,0,0,0,0,0,,,,,
2025_02_07_10_32_33_trial_1_PC,R2_2,Milled trough + attached electrodes,6,PC,1,0,0,0,0,0,0,,,,,
,,20 trialsĘ,6,PC,2,1,0,0,0,0,0,,,,,
,,20s ITI,6,PC,3,0,0,1,0,0,0,,,,,
,,0 = no response,6,PC,4,1,0,1,0,0,0,,,,,
,,1 = head turn,6,PC,5,0,0,0,0,0,0,,,,,
,,2 = contraction,6,PC,6,-1,0,0,0,0,0,,,,,
,,3 = contraction + turnĘ,6,PC,7,0,0,0,0,0,0,,,,,
,,X = quiescent,6,PC,8,-1,0,0,-1,0,0,,,,,
,,"H = hidden, occluded",6,PC,9,0,0,1,0,0,0,,,,,
,,,6,PC,10,-1,0,0,0,0,0,,,,,
,,,6,PC,11,0,0,0,0,0,0,,,,,
,,,6,PC,12,0,0,0,0,0,0,,,,,
,,,6,PC,13,0,0,0,0,0,0,,,,,
,,,6,PC,14,0,0,0,0,0,0,,,,,
,,,6,PC,15,0,0,0,0,0,0,,,,,
,,,6,PC,16,0,0,0,0,0,0,,,,,
,,,6,PC,17,0,0,0,0,0,0,,,,,
,,,6,PC,18,0,0,0,0,0,0,,,,,
,,,6,PC,19,0,0,0,0,0,0,,,,,
,,,6,PC,20,0,0,0,0,0,0,,,,,
,,,6,PC,21,0,0,0,0,0,0,,,,,
,,,6,PC,22,0,0,0,0,0,0,,,,,
,,,6,PC,23,0,0,0,0,0,0,,,,,
,,,6,PC,24,0,0,0,0,0,0,,,,,
,,,6,PC,25,0,0,0,0,0,0,,,,,
2025_02_07_10_53_45_trial_1_PC,R2_2,Milled trough + attached electrodes,7,PC,1,0,0,0,0,0,0,,,,,
,,20 trialsĘ,7,PC,2,0,0,0,0,0,0,,,,,
,,20s ITI,7,PC,3,0,0,0,0,0,0,,,,,
,,0 = no response,7,PC,4,0,0,0,0,0,0,,,,,
,,1 = head turn,7,PC,5,0,0,0,0,0,0,,,,,
,,2 = contraction,7,PC,6,0,0,0,0,0,0,,,,,
,,3 = contraction + turnĘ,7,PC,7,0,0,0,0,0,0,,,,,
,,X = quiescent,7,PC,8,0,0,0,-1,0,0,,,,,
,,"H = hidden, occluded",7,PC,9,0,0,0,0,0,0,,,,,
,,,7,PC,10,0,0,0,0,0,0,,,,,
,,,7,PC,11,0,0,0,-1,0,0,,,,,
,No further L's after this?,7,PC,12,0,0,0,0,0,0,0,,,,,
,"ZK: on Mon, look at reported L/S sequence",7,PC,13,0,0,0,0,0,0,0,,,,,
,"Frames temp reported in F column, delete when issue solvd",7,PC,14,0,0,0,0,0,0,0,,,,,
,,,7,PC,15,0,0,0,0,0,0,,,,,
,,,7,PC,16,0,0,0,0,0,0,,,,,
,,,7,PC,17,0,0,0,0,0,0,,,,,
,,,7,PC,18,0,0,0,0,0,0,,,,,
,,,7,PC,19,0,0,0,0,0,0,,,,,
,,,7,PC,20,0,0,0,0,0,0,,,,,
,,,7,PC,21,0,0,0,0,0,0,,,,,
,,,7,PC,22,0,0,0,0,0,0,,,,,
,,,7,PC,23,0,0,0,0,0,0,,,,,
,,,7,PC,24,0,0,0,0,0,0,,,,,
,,,7,PC,25,0,1,1,0,1,0,,,,,
2025_02_07_12_02_32_trial_1_CC,R3_2,Milled trough + attached electrodes,5,CC,1,1,1,0,1,1,0,,,,,
,,20 trialsĘ,5,CC,2,0,1,1,1,1,0,,,,,
,,20s ITI,5,CC,3,0,1,1,0,0,0,,,,,
,,All CRs are turns or contractions,5,CC,4,1,1,1,1,1,0,,,,,
,,CC Med,5,CC,5,0,1,1,1,1,0,,,,,
,,,5,CC,6,1,0,1,1,0,-1,,,,,
,,,5,CC,7,0,1,1,0,0,-1,,,,,
,,,5,CC,8,0,0,1,1,1,1,,,,,
,,,5,CC,9,1,1,0,1,1,0,,,,,
,,,5,CC,10,1,1,1,0,1,0,,,,,
,,,5,CC,11,1,1,1,0,1,1,,,,,
,,,5,CC,12,1,0,0,0,1,1,,,,,
,,,5,CC,13,0,1,1,1,1,1,,,,,
,,,5,CC,14,1,1,1,0,1,1,,,,,
,,,5,CC,15,1,0,1,1,1,0,,,,,
,,,5,CC,16,1,0,1,1,0,0,,,,,
,,,5,CC,17,0,0,1,1,1,0,,,,,
,,,5,CC,18,1,0,0,0,1,0,,,,,
,,,5,CC,19,-1,0,-1,-1,1,1,,,,,
,,,5,CC,20,1,0,1,1,1,1,,,,,
,,,5,CC,21,1,0,1,1,1,1,,,,,
,,,5,CC,22,1,0,1,0,1,1,,,,,
,,,5,CC,23,1,0,1,1,0,1,,,,,
,,,5,CC,24,0,0,0,0,1,1,,,,,
,,,5,CC,25,0,0,0,0,1,0,,,,,
2025_02_07_12_24_09_trial_1_CC,R3_2,Milled trough + attached electrodes,6,CC,1,1,0,0,0,0,0,,,,,
,,20 trialsĘ,6,CC,2,1,0,0,0,1,0,,,,,
,,20s ITI,6,CC,3,1,0,0,0,0,0,,,,,
,,All CRs are turns or contractions,6,CC,4,1,0,0,0,1,0,,,,,
,,CC Med,6,CC,5,1,0,0,0,1,1,,,,,
,,,6,CC,6,1,0,0,0,1,-1,,,,,
,,,6,CC,7,1,0,0,0,1,1,,,,,
,,,6,CC,8,1,0,0,0,1,1,,,,,
,,,6,CC,9,1,0,0,0,0,1,,,,,
,,,6,CC,10,1,0,0,0,1,1,,,,,
,,,6,CC,11,1,0,0,0,1,1,,,,,
,,,6,CC,12,1,0,0,0,0,1,,,,,
,,,6,CC,13,1,0,0,0,1,1,,,,,
,,,6,CC,14,1,0,0,0,1,1,,,,,
,,,6,CC,15,0,0,0,0,0,1,,,,,
,,,6,CC,16,0,0,0,0,1,1,,,,,
,,,6,CC,17,1,0,0,0,0,1,,,,,
,,,6,CC,18,0,0,0,0,1,1,,,,,
,,,6,CC,19,1,0,0,0,0,-1,,,,,
,,,6,CC,20,1,0,0,0,1,0,,,,,
,,,6,CC,21,1,0,0,0,0,0,,,,,
,,,6,CC,22,0,0,0,0,0,0,,,,,
,,,6,CC,23,1,0,0,0,1,0,,,,,
,,,6,CC,24,1,0,0,0,1,0,,,,,
,,,6,CC,25,0,0,0,0,0,0,,,,,
2025_02_07_12_45_21_trial_1_CC,R3_2,Milled trough + attached electrodes,7,CC,1,0,0,0,0,0,0,,,,,
,,20 trialsĘ,7,CC,2,0,0,0,0,1,0,,,,,
,,20s ITI,7,CC,3,0,0,0,0,0,0,,,,,
,,All CRs are turns or contractions,7,CC,4,0,0,0,0,1,0,,,,,
,,CC Med,7,CC,5,0,0,0,0,1,0,,,,,
,,,7,CC,6,0,0,0,0,1,0,,,,,
,,,7,CC,7,0,0,0,0,1,0,,,,,
,,,7,CC,8,0,0,0,0,1,0,,,,,
,,,7,CC,9,0,0,0,0,1,0,,,,,
,,,7,CC,10,0,0,0,0,1,0,,,,,
,,,7,CC,11,0,0,0,0,0,0,,,,,
,,,7,CC,12,0,0,0,0,1,0,,,,,
,,,7,CC,13,0,0,0,0,1,0,,,,,
,,,7,CC,14,0,0,0,0,1,0,,,,,
,,,7,CC,15,0,0,0,0,1,0,,,,,
,,,7,CC,16,0,0,0,0,0,0,,,,,
,,,7,CC,17,0,0,0,0,1,0,,,,,
,,,7,CC,18,0,0,0,0,1,0,,,,,
,,,7,CC,19,0,0,0,0,1,0,,,,,
,,,7,CC,20,0,0,0,0,0,0,,,,,
,,,7,CC,21,0,0,0,0,1,0,,,,,
,,,7,CC,22,0,1,0,0,0,0,,,,,
,,,7,CC,23,0,1,0,0,1,0,,,,,
,,,7,CC,24,0,1,0,0,1,0,,,,,
,,,7,CC,25,0,0,0,0,0,0,,,,,