Run_Date,Start Time,Run_Name,Species,Group,Troupe,Block,Worms_Day,Block Type,Data_Folder,No. worms,Trough No.,Worm Runner
20250130,,Pilot_GD_LO_TrPhenoTest_1_Day1_Block1_LO,GD,LO,PhenoTest_1,1,1,LO,2025_01_30_16_22_07_trial_1_LO,6,Milled + electrodes,MCS
20250131,14:57,Pilot_GD_LO_TrPhenoTest_2_Day1_Block1_LO,GD,LO,PhenoTest_2,1,1,LO,2025_01_31_14_57_10_trial_1_LO,6,Milled + electrodes,ZK
20250131,17:10,Pilot_GD_LO_TrPhenoTest_3_Day1_Block1_LO,GD,LO,PhenoTest_3,1,1,LO,2025_01_31_17_10_05_trial_1_LO,6,Milled + electrodes,ZK
20250203,10:30,Pilot_GD_LO_TrPhenoTest_4_Day1_Block1_LO,GD,LO,PhenoTest_4,1,1,LO,2025_02_03_10_30_35_trial_1_LO,6,Milled + electrodes,MCS
20250203,11:34,Pilot_GD_LO_TrPhenoTest_5_Day1_Block1_LO,GD,LO,PhenoTest_5,1,1,LO,2025_02_03_11_34_02_trial_1_LO,6,Milled + electrodes,MCS
20250203,12:10,Pilot_GD_LO_TrPhenoTest_6_Day1_Block1_LO,GD,LO,PhenoTest_6,1,1,LO,2025_02_03_12_10_50_trial_1_LO,6,Milled + electrodes,MCS
20250203,15:12,Pilot_GD_LO_TrPhenoTest_1_Day2_Block1_LO,GD,LO,PhenoTest_1,1,2,LO,2025_02_03_15_12_40_trial_1_LO,6,Milled + electrodes,ZK
20250203,15:58,Pilot_GD_LO_TrPhenoTest_2_Day2_Block1_LO,GD,LO,PhenoTest_2,1,2,LO,2025_02_03_15_58_35_trial_1_LO,6,Milled + electrodes,ZK
20250203,16:45,Pilot_GD_LO_TrPhenoTest_3_Day2_Block1_LO,GD,LO,PhenoTest_3,1,2,LO,2025_02_03_16_45_21_trial_1_LO,6,Milled + electrodes,ZK
20250204,9:38,Pilot_GD_LO_TrPhenoTest_5_Day2_Block1_LO,GD,LO,PhenoTest_5,1,2,LO,2025_02_04_09_38_33_trial_1_LO,6,Milled + electrodes,MCS
20250204,12:38,Pilot_GD_LO_TrPhenoTest_6_Day2_Block1_LO,GD,LO,PhenoTest_6,1,2,LO,2025_02_04_12_38_33_trial_1_LO,6,Milled + electrodes,MCS
20250204,,Pilot_GD_LO_TrPhenoTest_4_Day2_Block1_LO,GD,LO,PhenoTest_4,1,2,LO,2025_02_04_13_55_54_trial_1_LO,6,Milled + electrodes,MCS
20250204,15:05,Pilot_GD_CC_TrGD_triangle_Day2_Block1_CC,GD,CC,GD_triangle,1,2,CC,2025_02_04_15_05_54_trial_1_CC,~14,Petri + electrodes,MCS
20250204,15:25,Pilot_GD_CC_TrGD_triangle_Day2_Block2_CC,GD,CC,GD_triangle,2,2,CC,2025_02_04_15_25_41_trial_1_CC,~14,Petri + electrodes,MCS
20250204,15:50,Pilot_GD-C_PC_TrCarolina_PC_Day1_Block1_PC,GD-C,PC,Carolina_PC,1,1,PC,2025_02_04_15_50_02_trial_1_PC,~18,Petri + electrodes,MCS
20250204,15:57,Pilot_GD-C_PC_TrCarolina_PC_Day1_Block2_PC,GD-C,PC,Carolina_PC,2,1,PC,2025_02_04_15_57_58_trial_1_PC,~18,Petri + electrodes,MCS
20250204,16:18,Pilot_GD-C_CC_TrCarolina_CC_Day1_Block1_CC,GD-C,CC,Carolina_CC,1,1,CC,2025_02_04_16_18_18_trial_1_CC,~12,Petri + electrodes,MCS
20250205,10:37,Pilot_GD_LO_TrPhenoTest_7_Day1_Block1_LO,GD,LO,PhenoTest_7,1,1,LO,2025_02_05_10_37_51_trial_1_LO,6,Milled + electrodes,MCS
20250205,11:52,Pilot_GD_LO_TrPhenoTest_8_Day1_Block1_LO,GD,LO,PhenoTest_8,1,1,LO,2025_02_05_11_52_28_trial_1_LO,6,Milled + electrodes,MCS
20250205,14:24,Pilot_GD_LO_TrPhenoTest_9_Day1_Block1_LO,GD,LO,PhenoTest_9,1,1,LO,2025_02_05_14_24_50_trial_1_LO,6,Milled + electrodes,MCS
20250206,9:50,Pilot_GD_CC_TrR1_Day1_Block1_LO,GD,CC,R1,1,1,LO,2025_02_06_09_50_08_trial_1_LO,,Milled + electrodes,MCS
20250206,10:10,Pilot_GD_CC_TrR1_Day1_Block2_LO,GD,CC,R1,2,1,LO,2025_02_06_10_10_12_trial_1_LO,,Milled + electrodes,MCS
20250206,10:31,Pilot_GD_CC_TrR1_Day1_Block3_CC,GD,CC,R1,3,1,CC,2025_02_06_10_31_37_trial_1_CC,,Milled + electrodes,MCS
20250206,10:51,Pilot_GD_CC_TrR1_Day1_Block4_CC,GD,CC,R1,4,1,CC,2025_02_06_10_51_47_trial_1_CC,,Milled + electrodes,MCS
20250206,12:02,Pilot_GD_PC_TrR2_Day1_Block1_LO,GD,PC,R2,1,1,LO,2025_02_06_12_02_28_trial_1_LO,,Milled + electrodes,MCS
20250206,12:22,Pilot_GD_PC_TrR2_Day1_Block2_LO,GD,PC,R2,2,1,LO,2025_02_06_12_22_35_trial_1_LO,,Milled + electrodes,MCS
20250206,12:42,Pilot_GD_PC_TrR2_Day1_Block3_PC,GD,PC,R2,3,1,PC,2025_02_06_12_42_27_trial_1_PC,,Milled + electrodes,MCS
20250206,13:01,Pilot_GD_PC_TrR2_Day1_Block4_PC,GD,PC,R2,4,1,PC,2025_02_06_13_01_53_trial_1_PC,,Milled + electrodes,MCS
20250206,14:05,Pilot_GD_CC_TrR3_Day1_Block1_LO,GD,CC,R3,1,1,LO,2025_02_06_14_05_11_trial_1_LO,,Milled + electrodes,MCS
20250206,14:29,Pilot_GD_CC_TrR3_Day1_Block2_LO,GD,CC,R3,2,1,LO,2025_02_06_14_29_30_trial_1_LO,,Milled + electrodes,MCS
20250206,14:50,Pilot_GD_CC_TrR3_Day1_Block3_CC,GD,CC,R3,3,1,CC,2025_02_06_14_50_42_trial_1_CC,,Milled + electrodes,MCS
20250206,15:10,Pilot_GD_CC_TrR3_Day1_Block4_CC,GD,CC,R3,4,1,CC,2025_02_06_15_10_13_trial_1_CC,,Milled + electrodes,MCS
20250206,16:12,Pilot_GD_PC_TrR4_Day1_Block1_LO,GD,PC,R4,1,1,LO,2025_02_06_16_12_21_trial_1_LO,,Milled + electrodes,MCS
20250206,16:31,Pilot_GD_PC_TrR4_Day1_Block2_LO,GD,PC,R4,2,1,LO,2025_02_06_16_31_42_trial_1_LO,,Milled + electrodes,MCS
20250206,16:50,Pilot_GD_PC_TrR4_Day1_Block3_PC,GD,PC,R4,3,1,PC,2025_02_06_16_50_44_trial_1_PC,,Milled + electrodes,MCS
20250206,17:08,Pilot_GD_PC_TrR4_Day1_Block4_PC,GD,PC,R4,4,1,PC,2025_02_06_17_08_51_trial_1_PC,,Milled + electrodes,MCS
20250207,8:21,Pilot_GD_CC_TrR1_Day2_Block1_CC,GD,CC,R1,1,2,CC,2025_02_07_08_21_35_trial_1_CC,,Milled + electrodes,MCS
20250207,8:40,Pilot_GD_CC_TrR1_Day2_Block2_CC,GD,CC,R1,2,2,CC,2025_02_07_08_40_53_trial_1_CC,,Milled + electrodes,MCS
20250207,9:01,Pilot_GD_CC_TrR1_Day2_Block3_CC,GD,CC,R1,3,2,CC,2025_02_07_09_01_04_trial_1_CC,,Milled + electrodes,MCS
20250207,10:11,Pilot_GD_PC_TrR2_Day2_Block1_PC,GD,PC,R2,1,2,PC,2025_02_07_10_11_16_trial_1_PC,,Milled + electrodes,MCS
20250207,10:32,Pilot_GD_PC_TrR2_Day2_Block2_PC,GD,PC,R2,2,2,PC,2025_02_07_10_32_33_trial_1_PC,,Milled + electrodes,MCS
20250207,10:53,Pilot_GD_PC_TrR2_Day2_Block3_PC,GD,PC,R2,3,2,PC,2025_02_07_10_53_45_trial_1_PC,,Milled + electrodes,MCS
20250207,12:02,Pilot_GD_CC_TrR3_Day2_Block1_CC,GD,CC,R3,1,2,CC,2025_02_07_12_02_32_trial_1_CC,,Milled + electrodes,MCS
20250207,12:24,Pilot_GD_CC_TrR3_Day2_Block2_CC,GD,CC,R3,2,2,CC,2025_02_07_12_24_09_trial_1_CC,,Milled + electrodes,MCS
20250207,12:45,Pilot_GD_CC_TrR3_Day2_Block3_CC,GD,CC,R3,3,2,CC,2025_02_07_12_45_21_trial_1_CC,,Milled + electrodes,MCS
20250207,14:00,Pilot_GD_PC_TrR4_Day2_Block1_PC,GD,PC,R4,1,2,PC,2025_02_07_14_00_59_trial_1_PC,,Milled + electrodes,MCS
20250207,14:21,Pilot_GD_PC_TrR4_Day2_Block2_PC,GD,PC,R4,2,2,PC,2025_02_07_14_21_03_trial_1_PC,,Milled + electrodes,MCS
20250207,14:41,Pilot_GD_PC_TrR4_Day2_Block3_PC,GD,PC,R4,3,2,PC,2025_02_07_14_41_05_trial_1_PC,,Milled + electrodes,MCS
20250210,8:52,Pilot_GD_CC_TrR5_Day1_Block1_LO,GD,CC,R5,1,1,LO,2025_02_10_08_52_38_trial_1_LO,,Milled + electrodes,
20250210,9:12,Pilot_GD_CC_TrR5_Day1_Block2_LO,GD,CC,R5,2,1,LO,2025_02_10_09_12_14_trial_1_LO,,Milled + electrodes,
20250210,9:31,Pilot_GD_CC_TrR5_Day1_Block3_CC,GD,CC,R5,3,1,CC,2025_02_10_09_31_36_trial_1_CC,,Milled + electrodes,
20250210,9:51,Pilot_GD_CC_TrR5_Day1_Block4_CC,GD,CC,R5,4,1,CC,2025_02_10_09_51_25_trial_1_CC,,Milled + electrodes,
20250210,11:27,Pilot_GD_PC_TrR6_Day1_Block1_LO,GD,PC,R6,1,1,LO,2025_02_10_11_27_16_trial_1_LO,,Milled + electrodes,
20250210,11:49,Pilot_GD_PC_TrR6_Day1_Block2_LO,GD,PC,R6,2,1,LO,2025_02_10_11_49_17_trial_1_LO,,Milled + electrodes,
20250210,12:10,Pilot_GD_PC_TrR6_Day1_Block3_PC,GD,PC,R6,3,1,PC,2025_02_10_12_10_52_trial_1_PC and 2025_02_10_12_17_35_trial_1_PC,,Milled + electrodes,
20250210,12:38,Pilot_GD_PC_TrR6_Day1_Block4_PC,GD,PC,R6,4,1,PC,2025_02_10_12_38_45_trial_1_PC and 2025_02_10_12_45_15_trial_1_PC,,Milled + electrodes,
20250210,13:57,Pilot_GD_CC_TrR1_Day3_Block1_CC,GD,CC,R1,1,3,CC,2025_02_10_13_57_14_trial_1_CC,,Milled + electrodes,
20250210,14:17,Pilot_GD_CC_TrR1_Day3_Block2_CC,GD,CC,R1,2,3,CC,2025_02_10_14_17_32_trial_1_CC,,Milled + electrodes,
20250210,13:38,Pilot_GD_CC_TrR1_Day3_Block3_CC,GD,CC,R1,3,3,CC,2025_02_10_14_38_15_trial_1_CC,,Milled + electrodes,
20250210,15:40,Pilot_GD_PC_TrR2_Day3_Block1_PC,GD,PC,R2,1,3,PC,2025_02_10_15_40_08_trial_1_PC,,Milled + electrodes,
20250210,16:00,Pilot_GD_PC_TrR2_Day3_Block2_PC,GD,PC,R2,2,3,PC,2025_02_10_16_00_26_trial_1_PC,,Milled + electrodes,
20250210,16:20,Pilot_GD_PC_TrR2_Day3_Block3_PC,GD,PC,R2,3,3,PC,2025_02_10_16_20_52_trial_1_PC,,Milled + electrodes,
20250211,9:24,Pilot_GD_CC_TrR5_Day2_Block1_CC,GD,CC,R5,1,2,CC,2025_02_11_09_24_36_trial_1_CC,,Milled + electrodes,
20250211,9:43,Pilot_GD_CC_TrR5_Day2_Block2_CC,GD,CC,R5,2,2,CC,2025_02_11_09_43_18_trial_1_CC,,Milled + electrodes,
20250211,10:03,Pilot_GD_CC_TrR5_Day2_Block3_CC,GD,CC,R5,3,2,CC,2025_02_11_10_03_28_trial_1_CC,,Milled + electrodes,
20250324,15:06,Montjuic pulse - UV (0.05 motor),SM-1,CC,SM_PULSEUV,4,1,CC,2025_03_24_15_06_44_trial_1_CC,,,
20250324,15:42,Montjuic pulse - UV (0.05 motor),SM-1,CC,SM_PULSEUV,5,1,CC,2025_03_24_15_42_23_trial_1_CC,,,
20250325,9:21,Montjuic pulse - UV (0.05 motor),SM-1,CC,SM_PULSEUV,7,2,CC,2025_03_25_09_21_19_trial_1_CC,,,
20250325,14:32,GD lowUV-shock CC,GD-2,CC,GD_test_1,1,1,CC,2025_03_28_14_32_31_trial_1_CC,,,
20250328,16:18,GD lowUV-shock CC,GD-2,CC,GD_test_1,2,1,CC,2025_03_28_16_18_08_trial_1_CC,,,
20250331,8:21,GD lowUV-shock CC,GD-2,CC,GD_test_1,3,2,CC,2025_03_31_08_21_52_trial_1_CC,,,
20250331,13:13,GD lowUV-shock CC,GD-2,CC,GD_test_1,4,2,CC,2025_03_31_13_13_27_trial_1_CC,,,
20250325,8:42,Montjuic pulse - UV (0.05 motor),SM-1,CC,SM_PULSEUV,6,2,CC,2025_03_25_08_45_36_trial_1_CC,,,
20250325,9:21,Montjuic pulse - UV (0.05 motor),SM-1,CC,SM_PULSEUV,7,2,CC,2025_03_25_09_21_19_trial_1_CC,,,
20250327,16:26,CC with 2 GD-B and 4 DJ,GD-B,CC,CSwhiteUSuv,1,1,CC,2025_03_27_16_26_04_trial_1_CC,2,,
20250328,9:43,CC with 2 GD-B and many DJ,GD-B,CC,CSwhiteUSuv,2,2,CC,2025_03_28_09_43_06_trial_1_CC,2,,
20250328,11:29,CC with 2 GD-B and many DJ,GD-B,CC,CSwhiteUSuv,3,2,CC,2025_03_28_11_29_10_trial_1_CC,2,,
20250401,11:49,GD lowUV-shock CC,GD-2,,GD_test_1,3,3,CC,2025_04_01_08_07_03_trial_1_CC,,,
20250401,11:49,GD day X block 1,GD,CC,CSdimuvUSshock,1,,CC,2025_04_01_11_49_36_trial_1_CC,6,,
20250401,13:02,GD day X block 2 ,GD,CC,CSdimuvUSshock,2,,CC,2025_04_01_13_02_28_trial_1_CC,6,,ZK
20250402,10:24,GD day X+1 block 1,GD,CC,CSdimuvUSshock,1,,CC,2025_04_02_10_24_52_trial_1_CC,6,,ZK
20250402,11:36,GD day X+1 block 2,GD,CC,CSdimuvUSshock,2,,CC,2025_04_02_11_36_52_trial_1_CC,6,,ZK
20250403,10:27,GD day x+2 block 1,GD,CC,CSdimuvUSshock,1,,CC,2025_04_03_10_27_46_trial_1_CC,5,,ZK
20250403,11:29,GD day x+2 block 2,GD,CC,CSdimuvUSshock,2,,CC,2025_04_03_11_29_00_trial_1_CC,5,,ZK
20250403,20:11,GD-Spring no-Montjuic Day 1 Block 1,GD-S,CC,CSdimuvUSshock,1,1,CC,2025_04_03_20_11_45_trial_1_CC,6,"Hybrid, long electrode rail",ZK
20250403,21:37,GD-Spring no-Montjuic Day 1 Block 2,GD-S,CC,CSdimuvUSshock,2,1,CC,2025_04_03_21_37_23_trial_1_CC,6,"Hybrid, long electrode rail",ZK
20250404,12:04,GD-Spring no-Montjuic Day 2 Block 1,GD-S,CC,CSdimuvUSshock,1,1,CC,2025_04_04_12_04_28_trial_1_CC,6,"Hybrid, long electrode rail",ZK
20250404,13:44,GD-Spring no-Montjuic Day 2 Block 2,GD-S,CC,CSdimuvUSshock,2,1,CC,2025_04_04_13_44_55_trial_1_CC,6,"Hybrid, long electrode rail",ZK
20250407,11:07,GD-Spring no-Montjuic Day 3 Block 1,GD-S,CC,CSdimuvUSshock,1,3,CC,2025_04_07_11_07_21_trial_1_CC,6,"Hybrid, long electrode rail",ZK
20250407,12:10,GD-Spring no-Montjuic Day 3 Block 2,GD-S,CC,CSdimuvUSshock,2,3,CC,2025_04_07_12_10_33_trial_1_CC,6,"Hybrid, long electrode rail",ZK
20250408,14:27,GD-Spring no-Montjuic Day 4 Block 1,GD-S,CC,CSdimuvUSshock,1,4,CC,2025_04_08_14_27_48_trial_1_CC,5,"Hybrid, long electrode rail",ZK
20250408,15:37,GD-Spring no-Montjuic Day 4 Block 2,GD-S,CC,CSdimuvUSshock,2,4,CC,2025_04_08_15_37_56_trial_1_CC,5,"Hybrid, long electrode rail",ZK
20250409,11:23,GD-Spring no-Montjuic Day 5 Block 1,GD-S,CC,CSdimuvUSshock,1,5,CC,2025_04_09_11_23_14_trial_1_CC,5,"Hybrid, long electrode rail",ZK
20250409,17:11,GD-Spring no-Montjuic Day 5 Block 2,GD-S,CC,CSdimuvUSshock,2,5,CC,2025_04_09_17_11_13_trial_1_CC,5,"Hybrid, long electrode rail",MCS
20250410,13:30,GD-Spring no-Montjuic Day 6 Block 1,GD-S,CC,CSdimuvUSshock,1,6,CC,2025_04_10_13_30_00_trial_1_CC,5,"Hybrid, long electrode rail",ZK
20250410,14:52,GD-Spring no-Montjuic Day 6 Block 2,GD-S,CC,CSdimuvUSshock,2,6,CC,2025_04_10_14_52_38_trial_1_CC,5,"Hybrid, long electrode rail",ZK
20250411,13:21,GD-Spring no-Montjuic Day 7 Block 1,GD-S,CC,CSdimuvUSshock,1,7,CC,2025_04_11_13_21_33_trial_1_CC,5,"Hybrid, long electrode rail",ZK
20250411,14:27,GD-Spring no-Montjuic Day 7 Block 2,GD-S,CC,CSdimuvUSshock,2,7,CC,2025_04_11_14_27_03_trial_1_CC,5,"Hybrid, long electrode rail",ZK
20250602,15:18,Vis-UV Penultimate Block,SM,CC,Vis-UV-1,1,tbd,CC,2025_06_02_15_18_17_trial_1_CC,6,Donuts,ZK
20250602,15:37,Vis-UV Final Block,SM,CC,Vis-UV-1,2,tbd,CC,2025_06_02_15_37_46_trial_1_CC,6,Donuts,ZK
20250729,10:10,GD TC Blue-Shock CC Tr5-trapped Block 1,GD-2,CC,TC-5,1,1,CC,2025_07_29_10_10_33_trial_1_TC,6,Milled-1,ZK
20250729,10:22,GD TC Blue-Shock CC Tr2 Block 1,GD-2,CC,TC-2,1,1,CC,2025_07_29_10_22_03_trial_1_TC,6,Olympic-A,ZK
20250729,10:32,GD TC Blue-Shock CC Tr3 Block 1,GD-2,CC,TC-3,1,1,CC,2025_07_29_10_32_00_trial_1_TC,6,Olympic-A,ZK
20250729,10:41,SM-S TC Blue-Shock CC Tr4 Block 1,SM-S,CC,TC-4,1,1,CC,2025_07_29_10_41_04_trial_1_TC,6,Olympic-A,ZK
20250729,13:46,GD TC Blue-Shock CC Tr5-trapped Block 2,GD-2,CC,TC-5,2,1,CC,2025_07_29_13_46_05_trial_1_TC,6,Milled-1,ZK
20250729,13:55,GD TC Blue-Shock CC Tr2 Block 2,GD-2,CC,TC-2,2,1,CC,2025_07_29_13_55_19_trial_1_TC,6,Olympic-A,ZK
20250729,14:08,GD TC Blue-Shock CC Tr3 Block 2,GD-2,CC,TC-3,2,1,CC,2025_07_29_14_08_07_trial_1_TC,6,Olympic-A,ZK
20250729,14:19,SM-S TC Blue-Shock CC Tr4 Block 2,SM-S,CC,TC-4,2,1,CC,2025_07_29_14_19_02_trial_1_TC,6,Olympic-A,ZK
20250730,10:05,GD TC Blue-Shock CC Tr5-trapped Block 3,GD-2,CC,TC-5,3,2,CC,2025_07_30_10_05_58_trial_1_TC,6,Milled-1,ZK
20250730,10:17,GD TC Blue-Shock CC Tr2 Block 3,GD-2,CC,TC-2,3,2,CC,2025_07_30_10_17_02_trial_1_TC,6,Olympic-A,ZK
20250730,10:33,GD TC Blue-Shock CC Tr3 Block 3,GD-2,CC,TC-3,3,2,CC,2025_07_30_10_33_39_trial_1_TC,6,Olympic-A,ZK
20250730,12:09,SM-S TC Blue-Shock CC Tr4 Block 3,SM-S,CC,TC-4,3,2,CC,2025_07_30_12_09_36_trial_1_TC,6,Olympic-A,ZK
20250730,14:28,GD TC Blue-Shock CC Tr5-trapped Block 4,GD-2,CC,TC-5,4,2,CC,2025_07_30_14_28_11_trial_1_TC,6,Milled-1,ZK
20250730,14:45,GD TC Blue-Shock CC Tr2 Block 4,GD-2,CC,TC-2,4,2,CC,2025_07_30_14_45_13_trial_1_TC,6,Milled-2,ZK
20250730,14:55,GD TC Blue-Shock CC Tr3 Block 4,GD-2,CC,TC-3,4,2,CC,2025_07_30_14_55_13_trial_1_TC,6,Milled-2,ZK
20250730,15:09,SM-S TC Blue-Shock CC Tr4 Block 4,SM-S,CC,TC-4,4,2,CC,2025_07_30_15_09_06_trial_1_TC,6,Milled-2,ZK
20250731,10:22,GD TC Blue-Shock CC Tr5-trapped Block 5,GD-2,CC,TC-5,5,3,CC,2025_07_31_10_22_50_trial_1_TC,6,Milled-1,ZK
20250731,10:41,GD TC Blue-Shock CC Tr2 Block 5,GD-2,CC,TC-2,5,3,CC,2025_07_31_10_41_11_trial_1_TC,6,Milled-2,ZK
20250731,10:53,GD TC Blue-Shock CC Tr3 Block 5,GD-2,CC,TC-3,5,3,CC,2025_07_31_10_53_00_trial_1_TC,6,Milled-2,ZK
20250731,11:12,SM-S TC Blue-Shock CC Tr4 Block 5,SM-S,CC,TC-4,5,3,CC,2025_07_31_11_12_19_trial_1_TC,6,Milled-2,ZK
20250731,14:11,GD TC Blue-Shock CC Tr5-trapped Block 6,GD-2,CC,TC-5,6,3,CC,2025_07_31_14_11_02_trial_1_TC,6,Milled-1,ZK
20250731,14:23,GD TC Blue-Shock CC Tr2 Block 6,GD-2,CC,TC-2,6,3,CC,2025_07_31_14_23_01_trial_1_TC,6,Milled-2,ZK
20250731,14:41,GD TC Blue-Shock CC Tr3 Block 6,GD-2,CC,TC-3,6,3,CC,2025_07_31_14_40_54_trial_1_TC,6,Milled-2,ZK
20250731,14:51,SM-S TC Blue-Shock CC Tr4 Block 6,SM-S,CC,TC-4,6,3,CC,2025_07_31_14_51_01_trial_1_TC,6,Milled-2,ZK
20250801,9:47,GD TC Blue-Shock CC Tr5-trapped Block 7,GD-2,CC,TC-5,7,4,CC,2025_08_01_09_47_24_trial_1_TC,6,Milled-1,ZK
20250801,9:57,GD TC Blue-Shock CC Tr2 Block 7,GD-2,CC,TC-2,7,4,CC,2025_08_01_09_57_03_trial_1_TC,6,Milled-2,ZK
20250801,10:08,GD TC Blue-Shock CC Tr3 Block 7,GD-2,CC,TC-3,7,4,CC,2025_08_01_10_08_20_trial_1_TC,6,Milled-2,ZK
20250801,10:19,SM-S TC Blue-Shock CC Tr4 Block 7,SM-S,CC,TC-4,7,4,CC,2025_08_01_10_19_05_trial_1_TC,6,Milled-2,ZK
20250801,14:07,GD TC Blue-Shock CC Tr5-trapped Block 8,GD-2,CC,TC-5,8,4,CC,2025_08_01_14_07_09_trial_1_TC,6,Milled-1,ZK
20250801,14:17,GD TC Blue-Shock CC Tr2 Block 8,GD-2,CC,TC-2,8,4,CC,2025_08_01_14_17_03_trial_1_TC,6,Milled-2,ZK
20250801,14:33,GD TC Blue-Shock CC Tr3 Block 8,GD-2,CC,TC-3,8,4,CC,2025_08_01_14_33_13_trial_1_TC,6,Milled-2,ZK
20250801,14:45,SM-S TC Blue-Shock CC Tr4 Block 8,SM-S,CC,TC-4,8,4,CC,2025_08_01_14_45_36_trial_1_TC,6,Milled-2,ZK
20250916,10:23,GD TC Blue-Shock PC Tr1 Block 1,GD-2,PC,TP-1,1,1,PC,2025_09_16_10_23_00_trial_1_TP,6,Milled-2,ZK
20250916,11:16,GD TC Blue-Shock PC Tr2 Block 1,GD-2,PC,TP-2,1,1,PC,Footage not saved ,6,Milled-2,ZK
20250916,11:33,GD-MI TC Blue-Shock TC-MI-1 Block 1,GD-MI,CC,TC-MI-1,1,1,CC,2025_09_16_11_30_40_trial_1_TC,6,Milled-2,ZK
20250916,15:06,GD TC Blue-Shock PC Tr1 Block 2,GD-2,PC,TP-1,2,1,PC,2025_09_16_15_06_14_trial_1_TP,6,Milled-2,ZK
20250916,14:48,GD TC Blue-Shock PC Tr2 Block 2,GD-2,PC,TP-2,2,1,PC,2025_09_16_14_48_45_trial_1_TP,6,Milled-2,ZK
20250916,15:21,GD-MI TC Blue-Shock TC-MI-1 Block 2,GD-MI,CC,TC-MI-1,2,1,CC,2025_09_16_15_21_23_trial_1_TC,6,Milled-2,ZK
20250917,10:18,GD TC Blue-Shock PC Tr1 Block 3,GD-2,PC,TP-1,3,2,PC,2025_09_17_10_18_16_trial_1_TP,6,Milled-2,ZK
20250917,10:40,GD TC Blue-Shock PC Tr2 Block 3,GD-2,PC,TP-2,3,2,PC,2025_09_17_10_40_29_trial_1_TP,6,Milled-2,ZK
20250917,10:54,GD-MI TC Blue-Shock TC-MI-1 Block 3,GD-MI,CC,TC-MI-1,3,2,CC,2025_09_17_10_54_13_trial_1_TC,6,Milled-2,ZK
20250917,14:23,GD TC Blue-Shock PC Tr1 Block 4,GD-2,PC,TP-1,4,2,PC,2025_09_17_14_23_27_trial_1_TP,6,Milled-2,ZK
20250917,14:39,GD TC Blue-Shock PC Tr2 Block 4,GD-2,PC,TP-2,4,2,PC,2025_09_17_14_39_26_trial_1_TP,6,Milled-2,ZK
20250917,14:52,GD-MI TC Blue-Shock TC-MI-1 Block 4,GD-MI,CC,TC-MI-1,4,2,CC,2025_09_17_14_52_34_trial_1_TC,6,Milled-2,ZK
20250918,10:11,GD TC Blue-Shock PC Tr1 Block 5,GD-2,PC,TP-1,5,3,PC,2025_09_18_10_11_39_trial_1_TP,6,Milled-2,ZK
20250918,10:24,GD TC Blue-Shock PC Tr2 Block 5,GD-2,PC,TP-2,5,3,PC,2025_09_18_10_24_57_trial_1_TP,6,Milled-2,ZK
20250918,10:38,GD-MI TC Blue-Shock TC-MI-1 Block 5,GD-MI,CC,TC-MI-1,5,3,CC,2025_09_18_10_38_29_trial_1_TC,6,Milled-2,ZK
20250918,14:20,GD TC Blue-Shock PC Tr1 Block 6,GD-2,PC,TP-1,6,3,PC,2025_09_18_14_20_24_trial_1_TP,6,Milled-2,ZK
20250918,14:34,GD TC Blue-Shock PC Tr2 Block 6,GD-2,PC,TP-2,6,3,PC,2025_09_18_14_34_09_trial_1_TP,6,Milled-2,ZK
20250918,14:47,GD-MI TC Blue-Shock TC-MI-1 Block 6,GD-MI,CC,TC-MI-1,6,3,CC,2025_09_18_14_47_35_trial_1_TC,6,Milled-2,ZK
20250919,10:16,GD TC Blue-Shock PC Tr1 Block 7,GD-2,PC,TP-1,7,4,PC,2025_09_19_10_16_22_trial_1_TP,6,Milled-2,ZK
20250919,10:27,GD TC Blue-Shock PC Tr2 Block 7,GD-2,PC,TP-2,7,4,PC,2025_09_19_10_27_01_trial_1_TP,6,Milled-2,ZK
20250919,10:41,GD-MI TC Blue-Shock TC-MI-1 Block 7,GD-MI,CC,TC-MI-1,7,4,CC,2025_09_19_10_41_07_trial_1_TC,6,Milled-2,ZK
20250919,13:34,GD TC Blue-Shock PC Tr1 Block 8,GD-2,PC,TP-1,8,4,PC,2025_09_19_13_34_06_trial_1_TP,6,Milled-2,ZK
20250919,13:43,GD TC Blue-Shock PC Tr2 Block 8,GD-2,PC,TP-2,8,4,PC,2025_09_19_13_43_41_trial_1_TP,6,Milled-2,ZK
20250919,13:53,GD-MI TC Blue-Shock TC-MI-1 Block 8,GD-MI,CC,TC-MI-1,8,4,CC,2025_09_19_13_53_26_trial_1_TC,6,Milled-2,ZK
20251014,10:25,GD TC Blue-Shock CC Tr6 Block 1,GD-2,CC,TC-6,1,1,CC,2025_10_14_10_25_19_trial_1_TC,6,Milled-2,ZK
20251014,10:35,GD TC Blue-Shock CC Tr7 Block 1,GD-2,CC,TC-7,1,1,CC,2025_10_14_10_35_03_trial_1_TC,6,Milled-2,ZK
20251014,10:47,GD TC Blue-Shock PC Tr3 Block 1,GD-2,PC,TP-3,1,1,PC,2025_10_14_10_47_52_trial_1_TP,6,Milled-2,ZK
20251014,11:01,GD TC Blue-Shock PC Tr4 Block 1,GD-2,PC,TP-4,1,1,PC,2025_10_14_11_00_58_trial_1_TP,6,Milled-2,ZK
20251014,14:13,GD TC Blue-Shock CC Tr6 Block 2,GD-2,CC,TC-6,2,1,CC,2025_10_14_14_13_15_trial_1_TC,6,Milled-2,ZK
20251014,14:25,GD TC Blue-Shock CC Tr7 Block 2,GD-2,CC,TC-7,2,1,CC,2025_10_14_14_25_09_trial_1_TC,6,Milled-2,ZK
20251014,14:35,GD TC Blue-Shock PC Tr3 Block 2,GD-2,PC,TP-3,2,1,PC,2025_10_14_14_35_32_trial_1_TP,6,Milled-2,ZK
20251014,14:49,GD TC Blue-Shock PC Tr4 Block 2,GD-2,PC,TP-4,2,1,PC,2025_10_14_14_49_36_trial_1_TP,6,Milled-2,ZK
20251015,10:09,GD TC Blue-Shock CC Tr6 Block 3,GD-2,CC,TC-6,3,2,CC,2025_10_15_10_09_28_trial_1_TC,6,Milled-2,ZK
20251015,10:20,GD TC Blue-Shock CC Tr7 Block 3,GD-2,CC,TC-7,3,2,CC,2025_10_15_10_20_58_trial_1_TC,6,Milled-2,ZK
20251015,10:37,GD TC Blue-Shock PC Tr3 Block 3,GD-2,PC,TP-3,3,2,PC,2025_10_15_10_37_01_trial_1_TP,6,Milled-2,ZK
20251015,10:52,GD TC Blue-Shock PC Tr4 Block 3,GD-2,PC,TP-4,3,2,PC,2025_10_15_10_52_34_trial_1_TP,6,Milled-2,ZK
20251015,14:16,GD TC Blue-Shock CC Tr6 Block 4,GD-2,CC,TC-6,4,2,CC,2025_10_15_14_16_21_trial_1_TC,6,Milled-2,ZK
20251015,14:30,GD TC Blue-Shock CC Tr7 Block 4,GD-2,CC,TC-7,4,2,CC,2025_10_15_14_30_16_trial_1_TC,6,Milled-2,ZK
20251015,14:43,GD TC Blue-Shock PC Tr3 Block 4,GD-2,PC,TP-3,4,2,PC,2025_10_15_14_43_14_trial_1_TP,6,Milled-2,ZK
20251015,14:57,GD TC Blue-Shock PC Tr4 Block 4,GD-2,PC,TP-4,4,2,PC,2025_10_15_14_57_00_trial_1_TP,6,Milled-2,ZK
20251016,9:59,GD TC Blue-Shock CC Tr6 Block 5,GD-2,CC,TC-6,5,3,CC,2025_10_16_09_59_15_trial_1_TC,6,Milled-2,ZK
20251016,10:10,GD TC Blue-Shock CC Tr7 Block 5,GD-2,CC,TC-7,5,3,CC,2025_10_16_10_10_37_trial_1_TC,6,Milled-2,ZK
20251016,10:24,GD TC Blue-Shock PC Tr3 Block 5,GD-2,PC,TP-3,5,3,PC,2025_10_16_10_24_06_trial_1_TP,6,Milled-2,ZK
20251016,10:37,GD TC Blue-Shock PC Tr4 Block 5,GD-2,PC,TP-4,5,3,PC,2025_10_16_10_37_16_trial_1_TP,6,Milled-2,ZK
20251016,14:12,GD TC Blue-Shock CC Tr6 Block 6,GD-2,CC,TC-6,6,3,CC,2025_10_16_14_12_17_trial_1_TC,6,Milled-2,ZK
20251016,14:28,GD TC Blue-Shock CC Tr7 Block 6,GD-2,CC,TC-7,6,3,CC,2025_10_16_14_28_16_trial_1_TC,6,Milled-2,ZK
20251016,14:48,GD TC Blue-Shock PC Tr3 Block 6,GD-2,PC,TP-3,6,3,PC,2025_10_16_14_48_01_trial_1_TP,6,Milled-2,ZK
20251016,15:00,GD TC Blue-Shock PC Tr4 Block 6,GD-2,PC,TP-4,6,3,PC,2025_10_16_15_00_56_trial_1_TP,6,Milled-2,ZK
20251017,10:05,GD TC Blue-Shock CC Tr6 Block 7,GD-2,CC,TC-6,7,4,CC,2025_10_17_10_05_03_trial_1_TC,6,Milled-2,ZK
20251017,10:18,GD TC Blue-Shock CC Tr7 Block 7,GD-2,CC,TC-7,7,4,CC,2025_10_17_10_18_17_trial_1_TC,6,Milled-2,ZK
20251017,10:34,GD TC Blue-Shock PC Tr3 Block 7,GD-2,PC,TP-3,7,4,PC,2025_10_17_10_34_57_trial_1_TP,6,Milled-2,ZK
20251017,10:47,GD TC Blue-Shock PC Tr4 Block 7,GD-2,PC,TP-4,7,4,PC,2025_10_17_10_48_37_trial_1_TP,6,Milled-2,ZK
20251017,14:18,GD TC Blue-Shock CC Tr6 Block 8,GD-2,CC,TC-6,8,4,CC,2025_10_17_14_18_23_trial_1_TC,6,Milled-2,ZK
20251017,14:30,GD TC Blue-Shock CC Tr7 Block 8,GD-2,CC,TC-7,8,4,CC,2025_10_17_14_30_05_trial_1_TC,6,Milled-2,ZK
20251017,14:45,GD TC Blue-Shock PC Tr3 Block 8,GD-2,PC,TP-3,8,4,PC,2025_10_17_14_45_34_trial_1_TP,6,Milled-2,ZK
20251017,14:54,GD TC Blue-Shock PC Tr4 Block 8,GD-2,PC,TP-4,8,4,PC,2025_10_17_14_54_47_trial_1_TP,6,Milled-2,ZK